,sensors.pm25,sensors.pm10,sensors.temperature,sensors.gas,sensors.humidity,sensors.pressure,sensors.altitude,sensors.classification
25,0.36054421768707484,0.47126436781609204,0.5895208252081174,0.9167362136483277,0.27108143995488976,0.041300255982758216,0.957948294000112,0.0
26,0.36054421768707484,0.442528735632184,0.5888483935607944,0.9128843808178726,0.2786239997473484,0.043929751604778744,0.9552732070204788,0.0
27,0.35374149659863946,0.33333333333333337,0.5876783624944524,0.9167362136483277,0.28161198400316423,0.047182708644992744,0.9519642212933095,0.0
28,0.3469387755102041,0.33333333333333337,0.5863872937315922,0.9007511074019388,0.292190147451185,0.050188439694775155,0.9489070858895281,0.0
29,0.36054421768707484,0.36206896551724144,0.5845717282838199,0.9000021399071281,0.2895401073965814,0.0537297760544071,0.9453056363169512,0.0
30,0.3673469387755102,0.45977011494252873,0.5823527038476539,0.9030194089576513,0.28763618680338043,0.05856852138502333,0.9403855433304698,0.0
31,0.35374149659863946,0.442528735632184,0.5800664362467556,0.9098243136247888,0.27739470076500383,0.06116465270991611,0.9377461418829514,0.0
32,0.35374149659863946,0.43103448275862066,0.5773229151256776,0.9075560120690762,0.27320912613386894,0.060505819157050666,0.9384159315028116,0.0
33,0.3401360544217687,0.3045977011494253,0.574565945371653,0.9067856455029852,0.2652531664837784,0.058442325619477486,0.9405138490996792,0.0
34,0.33333333333333337,0.3160919540229885,0.571822424250575,0.9190473133466008,0.24919046430162084,0.054657496251955706,0.9443622489769294,0.0
35,0.3197278911564626,0.31034482758620696,0.5690789031294967,0.9190473133466008,0.24984446263264415,0.050909785049505274,0.9481734563198219,0.0
36,0.3129251700680272,0.32183908045977017,0.5663622792743117,0.903768376452462,0.2464427904926172,0.04765446029248821,0.9514843784321141,0.0
37,0.2925170068027211,0.31034482758620696,0.5635246177226085,0.8873980869230276,0.24199021762632955,0.04363769946596818,0.9555703095973562,0.0
38,0.2653061224489796,0.31034482758620696,0.5605255725755478,0.851105262031628,0.25480359495172,0.03994160866951901,0.9593306036479254,0.0
39,0.2585034013605442,0.3160919540229885,0.5572037602377717,0.9190473133466008,0.24762011414864737,0.03570998917820489,0.9636363821656773,0.0
40,0.23129251700680276,0.235632183908046,0.5540298828624068,0.9292118722047464,0.2512637339076965,0.0318867568487029,0.9675272164892272,0.0
41,0.20408163265306123,0.20114942528735633,0.551609128932044,0.9213798121161543,0.2606583010162956,0.029448830788087577,0.9700085471620175,0.0
42,0.19047619047619047,0.2241379310344828,0.5491345804698953,0.9206094455500631,0.2652428301626566,0.024924742075530304,0.9746137963109627,0.0
43,0.18367346938775514,0.2183908045977012,0.5467138265395322,0.9015000748967494,0.28450898142165737,0.018738471603285234,0.9809123381849807,0.0
44,0.18367346938775514,0.21264367816091953,0.5446696343316701,0.8992531724123174,0.2939940187292305,0.01238144297830246,0.9873862929113006,0.0
45,0.17006802721088438,0.17816091954022992,0.5432978737711311,0.8962573024330744,0.29652695225761616,0.007036597204994166,0.9928306683811705,0.0
46,0.17006802721088438,0.20689655172413798,0.5430826956439878,0.8925552631015814,0.31190224966599556,0.0020369580352621597,0.9979244189748151,0.0
47,0.17006802721088438,0.20689655172413798,0.5425581989590758,0.8837388457340951,0.31539398720548495,0.0,1.0,0.0
48,0.13605442176870747,0.13793103448275865,0.5423161235660394,0.8903297596884296,0.3108055470678267,2.0981223059379772e-05,0.9999786201231156,0.0
49,0.10204081632653063,0.07471264367816094,0.542948209314523,0.8866491194282169,0.3045790174074282,0.0017097063551538838,0.9982578647784508,0.0
50,0.06802721088435375,0.09195402298850577,0.5433920142017563,0.881556140463504,0.3163417754834661,0.004329428528173196,0.9955886746060107,0.0
51,0.061224489795918366,0.10919540229885058,0.5433382196699705,0.8721833472427296,0.32230229921386133,0.008454076975784375,0.9913866841387726,0.0
52,0.03401360544217687,0.06896551724137931,0.5430557983780948,0.8679035329866684,0.32994879686685197,0.013268152866942273,0.9864831789230726,0.0
53,0.01360544217687075,0.06321839080459773,0.5424102639966648,0.8657636258586379,0.339900114534857,0.017378547984765902,0.9822971425381095,0.0
54,0.0,0.011494252873563204,0.5415630001210379,0.8580385611264472,0.34663432745725875,0.025132101495685788,0.9744026994893373,0.0
55,0.006802721088435382,0.03448275862068967,0.5404467635864814,0.8531809719458177,0.3489007114296936,0.03370067960980805,0.9656811491183181,0.0
59,0.01360544217687075,0.00574712643678163,0.5297685490269914,0.8215531445935247,0.3744348128753838,0.054255990313968994,0.9447705313527326,0.0
60,0.01360544217687075,0.00574712643678163,0.5251422192934088,0.8124585392993944,0.3641971251091447,0.05540495564800452,0.9436021909988821,0.0
69,0.01360544217687075,0.028735632183908066,0.453380313891093,0.845605700712589,0.4226231920894703,0.06288659557182896,0.9359956436770203,0.0
70,0.01360544217687075,0.022988505747126436,0.4433072878141937,0.8497357214696883,0.4294199108391328,0.06161838184153723,0.9372848772796358,0.0
71,0.0,0.011494252873563204,0.43241389512756023,0.8334510282253751,0.43164388188912706,0.06046975504378693,0.9384525958311323,0.0
72,0.006802721088435382,0.09770114942528735,0.42160119423860576,0.9067856455029852,0.43606763468461973,0.060790958415839924,0.9381260484517144,0.0
73,0.01360544217687075,0.06896551724137931,0.4126981992280485,0.8992531724123174,0.44245682876028125,0.06438045368215128,0.9344771059728858,0.0
76,0.006802721088435382,0.011494252873563204,0.38538402571378616,0.9045173439472727,0.46353937971643044,0.0713351009362242,0.9274087047136501,0.0
77,0.01360544217687075,0.00574712643678163,0.37535134553572624,0.903768376452462,0.4733928900778299,0.07109973726600316,0.9276478873981058,0.0
79,0.0272108843537415,0.057471264367816105,0.3536452519601381,0.903768376452462,0.4967430227741063,0.07093525953023772,0.9278150352292693,0.0
80,0.0272108843537415,0.0517241379310345,0.3424828866145755,0.9022490423915603,0.5075700986956988,0.0710168758443821,0.9277320938424787,0.0
81,0.01360544217687075,0.022988505747126436,0.331697082991514,0.9083049795638869,0.5270653619771852,0.07092749932127518,0.9278229214417184,0.0
87,0.04081632653061225,0.0,0.26193902389822066,0.928420106567375,0.6230709642747851,0.0816504537271534,0.9169280880837016,0.0
88,0.04081632653061225,0.0,0.24992939467703112,0.92527444308917,0.6290652571510744,0.08425837372371348,0.9142790403618777,0.0
90,0.04081632653061225,0.00574712643678163,0.22398698172330778,0.9268365752926324,0.647049077054149,0.08695558319086416,0.9115395726552944,0.0
91,0.054421768707483,0.06321839080459773,0.20799655714996557,0.9355245982324367,0.6599520466905602,0.08684004807770407,0.9116569121164835,0.0
92,0.07482993197278913,0.06896551724137931,0.19063437201608435,0.9387344589244828,0.6797498629791694,0.08585315070422084,0.9126592432790424,0.0
93,0.08163265306122451,0.12068965517241384,0.17227698804416525,0.9451541803085746,0.6962641096021964,0.08342710056070857,0.9151233943105044,0.0
94,0.07482993197278913,0.1609195402298851,0.15351614508385225,0.9435492499625517,0.7096553472089084,0.08056590710152634,0.9180298160616926,0.0
95,0.06802721088435375,0.1666666666666667,0.13608671678523865,0.9467805097258779,0.7238066973007755,0.07727110636144019,0.9213770929723941,0.0
96,0.061224489795918366,0.14942528735632185,0.11751415468617621,0.9475722753632492,0.7454575652297195,0.07515580946558131,0.9235263022737763,0.0
97,0.06802721088435375,0.09195402298850577,0.09929125704372144,0.9475722753632492,0.7425991539222834,0.07576632970842567,0.9229059763441867,0.0
98,0.08163265306122451,0.08620689655172414,0.08417499361189917,0.9403179901992254,0.7520887173721711,0.07756721205118566,0.921076253982924,0.0
99,0.08163265306122451,0.09770114942528735,0.06946218916847102,0.9121354133230619,0.7532404264685479,0.0793564836006766,0.9192584530532515,0.0
100,0.10204081632653063,0.1264367816091954,0.05585217262665243,0.981767991269179,0.7648298859894014,0.08193874297869996,0.916635239443494,0.0
101,0.09523809523809525,0.18390804597701152,0.046128811006361126,0.987781130298945,0.7722593766600698,0.0844902708521218,0.9140434989195216,0.0
102,0.10884353741496601,0.13793103448275865,0.038167220302056326,0.9869251674477328,0.7782687776290054,0.08789373687408641,0.9105867867058512,0.0
103,0.12244897959183675,0.13793103448275865,0.0323574108691852,1.0,0.7872483650104789,0.08817731983990384,0.910298787451586,0.0
104,0.13605442176870747,0.13793103448275865,0.028578345011229578,0.993858466542552,0.7880800365730589,0.0880038324380692,0.9104749762334288,0.0
105,0.14285714285714285,0.13793103448275865,0.026655190499885628,0.9834799169716035,0.7908529709958154,0.08775398834137604,0.9107287127149375,0.0
106,0.1564625850340136,0.15517241379310345,0.02657449870220696,0.9749416875307613,0.7974256556203163,0.08574992285748095,0.9127640876576733,0.0
107,0.17687074829931976,0.19540229885057472,0.027502454375512686,0.9411311549078771,0.799663952608386,0.0808986042165607,0.9176918435155197,0.0
108,0.20408163265306123,0.2298850574712644,0.028793523138373023,0.8925552631015814,0.7884270767279664,0.07485779713985252,0.9238291062915209,0.0
109,0.22448979591836732,0.2183908045977012,0.030945304409806695,0.9982452761550149,0.7705388373187088,0.06770739407774329,0.9310955138417776,0.0
110,0.3129251700680272,0.3275862068965518,0.0333526097072232,0.9903918169951424,0.7686382467961772,0.062979425239579,0.9359012778696907,0.0
111,0.3401360544217687,0.3505747126436781,0.036257514423658876,0.9690355438573965,0.7803645250936797,0.05756788542135993,0.941402927024122,0.0
112,0.40136054421768713,0.4022988505747126,0.038584127923396494,0.9331493013203227,0.790744392382142,0.05490353850467855,0.9441120572318962,0.0
113,0.4761904761904762,0.45977011494252873,0.040117272079293165,0.9843358798228157,0.7960449035978505,0.05389281128796952,0.9451398453538655,0.0
114,0.5170068027210885,0.4770114942528736,0.041233508613849446,0.9826239541203912,0.8055562091750577,0.0526628230933035,0.9463906491516378,0.0
115,0.5918367346938777,0.5057471264367817,0.042363193781352115,0.9809120284179667,0.817628555074768,0.05238456576344319,0.9466736237103295,0.0
116,0.653061224489796,0.5689655172413793,0.04395013246903445,0.9656972887376689,0.8260167831438372,0.05481758119665514,0.9441994639386897,0.0
117,0.6802721088435375,0.5804597701149425,0.046935728983148794,0.9623590336179411,0.8276894732946545,0.0584948117299966,0.9404604853418188,0.0
118,0.6666666666666669,0.5804597701149425,0.05169654504619592,0.937921294215831,0.8248635871664376,0.062124510612470374,0.9367703522343975,0.0
119,0.6734693877551021,0.5574712643678161,0.05821913202522955,0.8940317990199225,0.8134785746835469,0.06330041607860437,0.9355749778759368,0.0
120,0.7006802721088436,0.603448275862069,0.06610003093185568,0.9656972887376689,0.7827863912134339,0.06384477604058603,0.9350216234128388,0.0
121,0.7142857142857144,0.5919540229885059,0.07457266968812615,0.9451541803085746,0.7808323498537257,0.062226448173341,0.9366667248152065,0.0
122,0.7142857142857144,0.5862068965517242,0.08238632543002011,0.9159658470822367,0.7990781354130465,0.05985972162137898,0.9390727897024449,0.0
123,0.7210884353741498,0.5977011494252874,0.0893392686633403,0.8700220410434187,0.8323013347311585,0.05652950310316385,0.9424587300074585,0.0
124,0.7210884353741498,0.6149425287356323,0.09564667751523048,0.9121354133230619,0.9021621089070087,0.05216701255411138,0.9468948671446971,0.0
125,0.7551020408163266,0.6494252873563219,0.10134889788453005,0.8962573024330744,0.9348142939185176,0.04708452231927751,0.952064092743693,0.0
126,0.761904761904762,0.6494252873563219,0.10690318329141824,0.8962573024330744,0.9111937953026905,0.045343068733181724,0.9538354964144351,0.0
127,0.7551020408163266,0.6264367816091955,0.11287437631964714,0.8970062699278851,0.8835720745610616,0.04443811424266286,0.9547560612230463,0.0
128,0.7551020408163266,0.6609195402298851,0.11910109337385855,0.8925552631015814,0.850640096912948,0.04359353094698193,0.9556152422086994,0.0
129,0.7755102040816327,0.6724137931034484,0.12492435143967606,0.8910787271832403,0.800451364686084,0.0434099285578462,0.9558020216376046,0.0
130,0.7823129251700681,0.7356321839080461,0.1310434794303159,0.8873980869230276,0.7709054508393198,0.043490100730096515,0.9557204620116209,0.0
131,0.7891156462585035,0.7931034482758621,0.13608671678523865,0.8671973636344184,0.7760234064197526,0.043187107306803085,0.956028700331307,0.0
132,0.7687074829931975,0.8448275862068967,0.13932783732533593,0.8643512871541374,0.7808927818312255,0.04357678299957968,0.9556322799067203,0.0
133,0.7551020408163266,0.7586206896551725,0.14028269026453466,0.8524748025935676,0.7919004081718037,0.043677200368108515,0.9555301254145494,0.0
134,0.7551020408163266,0.7758620689655173,0.13961025861721166,0.8422032483790203,0.8284715141482666,0.04376138340678892,0.9554444863930223,0.0
135,0.7414965986394559,0.6896551724137931,0.13605981951934587,0.8368106824163832,0.8206494984533075,0.04386485043786337,0.9553392302319164,0.0
136,0.7006802721088436,0.6436781609195403,0.12991379426281324,0.8580385611264472,0.7924133181475148,0.043843918135330284,0.9553605244577694,0.0
137,0.6734693877551021,0.603448275862069,0.1244670979194964,0.8497357214696883,0.7987386657812316,0.043898042059375086,0.9553054647561994,0.0
138,0.6462585034013606,0.5977011494252874,0.11984076818591394,0.8401703366073914,0.8083276961607757,0.043836146014488264,0.955368430964338,0.0
139,0.6326530612244899,0.6264367816091955,0.11473028766625881,0.8361259121354134,0.8179107504219902,0.04384728831903928,0.9553570960018234,0.0
140,0.6258503401360545,0.5919540229885059,0.10959290988071047,0.8327876570156856,0.8293800918351864,0.043698233149982,0.9555087288355533,0.0
141,0.6394557823129253,0.632183908045977,0.10465726158935929,0.8442575592219297,0.8396915927016788,0.04354543431855262,0.9556641709701184,0.0
142,0.6666666666666669,0.6896551724137931,0.09982920236157988,0.8314609145963066,0.8702156820924853,0.043448677429818616,0.9557626021492374,0.0
143,0.653061224489796,0.7011494252873565,0.09430181422058448,0.8354625409257239,0.8579566039329267,0.04342087270938322,0.9557908880726365,0.0
144,0.6462585034013606,0.7011494252873565,0.0907110292238793,0.8401703366073914,0.8502615869137791,0.04353631516688239,0.9556734479049003,0.0
145,0.5850340136054423,0.6379310344827587,0.08851890205360613,0.8334510282253751,0.8629731669534175,0.04351293034322978,0.9556972373566617,0.0
146,0.6054421768707484,0.6436781609195403,0.08643436394690474,0.82681731612848,0.8748638623133265,0.04354594805744583,0.9556636483424108,0.0
147,0.5918367346938777,0.6379310344827587,0.08449776080261429,0.8208897733838352,0.8974615378715576,0.04369293036000954,0.955514123344515,0.0
148,0.5918367346938777,0.6206896551724138,0.08264184945600284,0.81633177120113,0.8667905134077902,0.043991307799696955,0.9552105867621674,0.0
149,0.5918367346938777,0.5804597701149425,0.08121629436367783,0.8301127731056472,0.8549168783481085,0.04422465022836519,0.954973212104482,0.0
150,0.6122448979591838,0.6609195402298851,0.08109525666715967,0.820247801245426,0.8307085363892339,0.04430655989140675,0.9548898875199376,0.0
151,0.6190476190476191,0.7011494252873565,0.082063558239305,0.8314609145963066,0.8317760254120319,0.044051318881994206,0.9551495384673856,0.0
152,0.6122448979591838,0.7126436781609196,0.08373118872466612,0.8274592882668892,0.8248894329519159,0.0439814314625977,0.9552206338121647,0.0
153,0.5850340136054423,0.6206896551724138,0.08570813776779596,0.8156897990627208,0.8082001993973893,0.044073909921269916,0.9551265570080971,0.0
154,0.5782312925170069,0.5804597701149425,0.08894925830789302,0.8118165671609852,0.785220963219561,0.043957146376548906,0.9552453386831159,0.0
155,0.5578231292517007,0.6091954022988506,0.09356213940852909,0.7978643726862253,0.7714763918309036,0.04394198140367678,0.9552607658049368,0.0
156,0.5578231292517007,0.6666666666666666,0.1004881853759565,0.7662151462626523,0.7545281887997879,0.0439401718914425,0.9552626065978453,0.0
157,0.5238095238095238,0.6206896551724138,0.10898772139811985,0.8124585392993944,0.7515800295434392,0.04385364320243568,0.9553506312403559,0.0
158,0.5102040816326532,0.5574712643678161,0.11857659668894649,0.8047976717810448,0.7624209037450342,0.043645843584240396,0.9555620245983831,0.0
159,0.5034013605442178,0.5344827586206897,0.12906653038718607,0.775759132053669,0.7878164462310226,0.043399302710422916,0.9558128313939622,0.0
160,0.49659863945578236,0.5689655172413793,0.14069959788587494,0.738610344311057,0.8193483898858027,0.043422520791686736,0.9557892114669182,0.0
161,0.46258503401360546,0.5574712643678161,0.15351614508385225,0.6584066251524684,0.8501285301575483,0.04326253631489507,0.9559519652929174,0.0
162,0.4217687074829932,0.5402298850574713,0.16857861398388851,0.7431041492799213,0.8242854095628793,0.04296533324831486,0.9562543156232848,0.0
163,0.40816326530612246,0.5287356321839081,0.18541630243285767,0.6838073227621921,0.8251163713461658,0.04246421922211496,0.9567641162386358,0.0
164,0.3469387755102041,0.5172413793103449,0.2037333405059376,0.6798056964327749,0.8173521963067338,0.04203969882893688,0.9571960031552622,0.0
165,0.33333333333333337,0.5114942528735632,0.22268246432750116,0.6555605486721876,0.8245815045499774,0.04110032624135229,0.958151701226257,0.0
166,0.326530612244898,0.49425287356321834,0.24219643073281616,0.6361087928783891,0.794664057787942,0.041252029844255134,0.9579973588191293,0.0
167,0.3401360544217687,0.5114942528735632,0.2635663084847426,0.6156940788769768,0.7435184994458905,0.041199759987200935,0.9580505377815953,0.0
168,0.3469387755102041,0.4655172413793103,0.28663071398792317,0.5953435620894053,0.7377608695585491,0.041367932168217436,0.9578794410392808,0.0
169,0.4761904761904762,0.5804597701149425,0.3094664927310138,0.553486978665126,0.7665637164436545,0.041369648658083236,0.9578776947048668,0.0
170,0.19047619047619047,0.3448275862068966,0.0013583119275926148,0.7805953221630182,1.0,0.043540830559805954,0.9556688543844787,0.0
171,0.17006802721088438,0.24712643678160925,0.0009951988380380028,0.7805953221630182,0.9948921823170629,0.04367664666463611,0.9555306886954789,0.0
172,0.14965986394557823,0.25287356321839083,0.0006455343814301129,0.7763583060495174,0.9934710603086898,0.043783227102288436,0.9554222649462398,0.0
173,0.1564625850340136,0.2586206896551724,0.0004975994190189459,0.7733624360702747,0.9899576272397823,0.043778054324143056,0.9554275271775126,0.0
174,0.163265306122449,0.367816091954023,0.0004034589883937789,0.7685904431747663,0.9915300456429199,0.04383746439041758,0.9553670897925424,0.0
175,0.17687074829931976,0.4137931034482759,0.00022862676008972294,0.7685904431747663,0.9890676213849394,0.04399965488819646,0.9552020953968399,0.0
176,0.19047619047619047,0.4022988505747126,0.00014793496241105597,0.7621065245768335,0.9887130561915165,0.04406613426890971,0.9551344670376054,0.0
177,0.19047619047619047,0.31034482758620696,5.379453178577798e-05,0.7562645781173096,0.9876571668382139,0.04419814445525816,0.9550001757987805,0.0
178,0.19047619047619047,0.3275862068965518,0.0,0.7476407523913462,0.9838024711406883,0.044315065243552,0.9548812352598537,0.0
179,0.19047619047619047,0.367816091954023,0.0,0.7545312533436048,0.9817026221884979,0.044315065243552,0.9548812352598537,0.0
180,0.19727891156462585,0.37356321839080464,0.00012103769651805596,0.7510860028674755,0.9820587885952188,0.044523905698280686,0.9546687885106946,0.0
181,0.17687074829931976,0.3045977011494253,0.0003631130895543899,0.74650660161349,0.9782234648476509,0.044614878580190975,0.9545762452236923,0.0
182,0.17006802721088438,0.31034482758620696,0.0004975994190189459,0.7391667201643448,0.9750842745705748,0.04454038118524295,0.9546520285943192,0.0
183,0.18367346938775514,0.3045977011494253,0.0009548529391987248,0.7297297297297298,0.9724874670830237,0.044526675100431845,0.9546659712974161,0.0
184,0.19047619047619047,0.31034482758620696,0.0014659009911641707,0.7369198176799128,0.9695455777671134,0.0446138514421861,0.9545772900907057,0.0
185,0.18367346938775514,0.3563218390804598,0.0020441922078620056,0.7297297297297298,0.9660854338813105,0.04459116761584525,0.9546003654637849,0.0
186,0.17006802721088438,0.37356321839080464,0.0025821375257204515,0.6868245918127154,0.9612311089874388,0.044583568105718285,0.9546080961539427,0.0
187,0.17687074829931976,0.3793103448275862,0.0034025041354546204,0.6808114527829493,0.9595306384080573,0.04465183581202581,0.9545386501154756,0.0
188,0.20408163265306123,0.367816091954023,0.004491843404117901,0.6758468682459181,0.9548845194713385,0.0447525877646342,0.9544361594691109,0.0
189,0.19727891156462585,0.40804597701149425,0.005648425837513571,0.6778155828037064,0.9509415554801959,0.044670839820454944,0.9545193181213765,0.0
190,0.19047619047619047,0.31034482758620696,0.00723536452519602,0.6660674926708181,0.9482401702188883,0.044924226605264295,0.9542615595376485,0.0
191,0.19047619047619047,0.2931034482758621,0.00910472450475397,0.6574436669448546,0.9384352201446178,0.04499927907094303,0.9541852126370414,0.0
192,0.18367346938775514,0.2701149425287357,0.011471683903331198,0.6508527529905203,0.9319653754295936,0.04519061352174347,0.9539905792203098,0.0
193,0.18367346938775514,0.33333333333333337,0.01409416732789115,0.6452675953863602,0.9284596771205638,0.04533462037975511,0.9538440903531522,0.0
194,0.19047619047619047,0.33333333333333337,0.017214250171470047,0.6324923498320173,0.927578229097791,0.04552218803847907,0.9536532911100741,0.0
195,0.18367346938775514,0.29885057471264376,0.020858829699961,0.6218142132631445,0.9234346046760551,0.04554947033979673,0.9536255388788246,0.0
196,0.18367346938775514,0.4252873563218391,0.0250010086474709,0.6079476150735058,0.9136162088029864,0.045511144420324,0.9536645249596651,0.0
197,0.18367346938775514,0.4540229885057472,0.030178732331858416,0.588752648135071,0.9076617993213836,0.04561714207703105,0.9535567016401192,0.0
198,0.17006802721088438,0.3448275862068966,0.0368358056403566,0.565705848366181,0.9007538458041309,0.04562812918015169,0.953545525324377,0.0
199,0.18367346938775514,0.7758620689655173,0.044999125838858456,0.588752648135071,0.884301311432653,0.04559395927603305,0.9535802836953835,0.0
200,0.18367346938775514,0.7816091954022989,0.05472248745914965,0.5822687295371382,0.8691749718223867,0.04579657088479294,0.9533741834165148,0.0
201,0.17006802721088438,0.26436781609195403,0.06620761999542746,0.5758918062956068,0.8509333576204079,0.045795889389037114,0.9533748766439258,0.0
202,0.17687074829931976,0.2586206896551724,0.07979073927135305,0.5580235817765509,0.8374503737589036,0.04594898431241745,0.9532191467099371,0.0
203,0.19047619047619047,0.2816091954022989,0.09543149938808715,0.546018702788299,0.8218929235823347,0.04601488767602646,0.9531521093240571,0.0
204,0.19727891156462585,0.28735632183908044,0.11338542437161259,0.5237208705142197,0.8110634810275175,0.04608937291622439,0.9530763425937598,0.0
205,0.19047619047619047,0.37356321839080464,0.1334373360947858,0.5079283559093536,0.797820015174703,0.04631198576681683,0.9528499010614591,0.0
206,0.17687074829931976,0.33908045977011503,0.15553344002582126,0.48314823136675866,0.8083700963210789,0.0461058258661069,0.9530596066062693,0.0
207,0.1564625850340136,0.33333333333333337,0.1794585580375756,0.4504504504504505,0.7937977426717866,0.046083715852976326,0.9530820969770393,0.0
208,0.14965986394557823,0.2183908045977012,0.2044326694191534,0.4340159637071751,0.7525854712682383,0.04627210411540972,0.9528904684889634,0.0
209,0.4761904761904762,0.49425287356321834,0.2328765281009184,0.40375767691682185,0.7742880059966257,0.04629625248161062,0.9528659048774799,0.0
210,0.6394557823129253,0.7298850574712644,0.31619080920424425,0.0,0.8333619027736536,0.046716978428520406,0.9524379479449947,0.0
211,0.6462585034013606,0.6666666666666666,0.31588149064647575,0.7419699985020651,0.8371031821132797,0.04688414311829803,0.9522679121208675,0.0
212,0.3945578231292517,0.4482758620689655,0.8649084820527992,0.4176242751064604,0.2272828689191969,0.9658637460937065,0.03352645289751144,0.0
213,0.3945578231292517,0.4482758620689655,0.8646933039256559,0.41920780638120303,0.2213707982978974,0.9657520072129344,0.03363626460636361,0.0
214,0.3945578231292517,0.4482758620689655,0.8644781257985126,0.41815925188846803,0.21841429216200592,0.965753670800698,0.03363462970737441,0.0
215,0.3945578231292517,0.4482758620689655,0.8644377798996732,0.4176242751064604,0.2215091325607108,0.9658083211887778,0.033580921827189,0.0
216,0.3945578231292517,0.5172413793103449,0.8643301908361016,0.41291647942479304,0.2240135805177852,0.9658658533839599,0.03352438195624172,0.0
217,0.3945578231292517,0.5172413793103449,0.8640612181771723,0.4011469902206245,0.22799096832283694,0.9658773801010163,0.033513054068132056,0.0
218,0.3945578231292517,0.5172413793103449,0.8636712078217248,0.41032719179987587,0.23551899509612828,0.9659772511702513,0.03341490591538519,0.0
219,0.3945578231292517,0.5172413793103449,0.8635636187581532,0.4213477135092337,0.22560986328869137,0.9661481803534784,0.0332469263352822,0.0
220,0.3945578231292517,0.5172413793103449,0.8635232728593139,0.4223962680019687,0.21852752821476806,0.966165028539038,0.03323036894387338,0.0
221,0.3945578231292517,0.5172413793103449,0.8635905160240462,0.4213477135092337,0.22192126076338803,0.9660865481289704,0.033307494894998735,0.0
222,0.4217687074829932,0.4770114942528736,0.8634829269604745,0.41499218933898274,0.23063034846747998,0.9661818766608974,0.03321381162527724,0.0
223,0.4217687074829932,0.4770114942528736,0.8631332625038663,0.40621857011405704,0.23387152777567033,0.9662648915939194,0.033132229702533905,0.0
224,0.4217687074829932,0.4770114942528736,0.8626760089836867,0.41604074383171774,0.23207982108793324,0.9661786321246986,0.033217000159087476,0.0
225,0.4217687074829932,0.4770114942528736,0.8626894576166333,0.41291647942479304,0.220119233078922,0.9660722183202424,0.03332157741583194,0.0
226,0.4217687074829932,0.4770114942528736,0.8630794679720806,0.4155271661209904,0.22072302025584567,0.966350354375809,0.03304824244537968,0.0
227,0.3945578231292517,0.5114942528735632,0.8632408515674381,0.41499218933898274,0.22308898613481354,0.9664719628987974,0.032928733961248624,0.0
228,0.3945578231292517,0.5114942528735632,0.8631063652379736,0.4123815026427853,0.22677478239707938,0.9665533207946453,0.032848781319988266,0.0
229,0.3945578231292517,0.5114942528735632,0.8628642898449372,0.4087650595964135,0.22410847838881576,0.9664276067346549,0.032972324083880636,0.0
230,0.3945578231292517,0.5114942528735632,0.8629987761744018,0.39714536389120714,0.21954058212044236,0.9664218487196514,0.03297798266178226,0.0
231,0.3945578231292517,0.5114942528735632,0.8631870570356523,0.4113543472213306,0.22175927814589358,0.9664440265928995,0.03295618779223837,0.0
232,0.38775510204081637,0.4885057471264368,0.8633215433651169,0.4213477135092337,0.22338700811023326,0.966362668010099,0.033036141429094584,0.0
233,0.38775510204081637,0.4885057471264368,0.8632408515674381,0.4165757206137254,0.23106513970298193,0.9665097626746117,0.032891587052538696,0.0
234,0.38775510204081637,0.4885057471264368,0.862971878908509,0.4144786116282554,0.23238633595521718,0.9665590787276699,0.032843122849914155,0.0
235,0.38775510204081637,0.4885057471264368,0.8627163548825263,0.4144786116282554,0.22897674755165676,0.9667665742529188,0.03263921241503773,0.0
236,0.38775510204081637,0.4885057471264368,0.8627567007813655,0.4134300571355204,0.22056399273048388,0.9668253263407109,0.03258147572282269,0.0
237,0.38775510204081637,0.4885057471264368,0.8628911871108302,0.4021527465707988,0.222781331137051,0.9668195698345805,0.032587132735403396,0.0
238,0.3945578231292517,0.5229885057471264,0.8628911871108302,0.4097922150178682,0.2288352860364452,0.9667439708401737,0.03266142521259423,0.0
239,0.3945578231292517,0.5229885057471264,0.8627298035154725,0.40264492521024586,0.2354847960873,0.9666979597714906,0.032706641209465134,0.0
240,0.3945578231292517,0.5229885057471264,0.862393587691811,0.4108407695106032,0.22601071123985028,0.9666745509393806,0.03272964556596489,0.0
241,0.3945578231292517,0.5229885057471264,0.862299447261186,0.4134300571355204,0.2196629716425348,0.9668902542043192,0.03251767013364429,0.0
242,0.3945578231292517,0.5229885057471264,0.8622859986282394,0.40621857011405704,0.22187446374612618,0.9667698729206222,0.032635970753975646,0.0
243,0.40136054421768713,0.49425287356321834,0.8622322040964536,0.4113543472213306,0.2261525655125044,0.9667797347147555,0.03262627939089548,0.0
244,0.40136054421768713,0.49425287356321834,0.8618421937410063,0.4057049924033297,0.23530454092668995,0.9667283847468262,0.03267674196951105,0.0
245,0.40136054421768713,0.49425287356321834,0.8613042484231479,0.3951552502621386,0.2418028082315391,0.9666380027574917,0.0327655622800241,0.0
246,0.40136054421768713,0.49425287356321834,0.8608200976370752,0.4057049924033297,0.22403500750609218,0.9666133523184968,0.03278978684379402,0.0
247,0.40136054421768713,0.49425287356321834,0.8609949298653792,0.4011469902206245,0.22005855509526429,0.9665907561306639,0.032811992666082535,0.0
248,0.4217687074829932,0.5172413793103449,0.8610621730301113,0.40722432646423146,0.22212558194655596,0.9665878801407821,0.03281481897247095,0.0
249,0.4217687074829932,0.5172413793103449,0.8609276867006468,0.4144786116282554,0.23083362020402542,0.9666314298410867,0.032772021636781515,0.0
250,0.4217687074829932,0.5172413793103449,0.8604973304463601,0.40621857011405704,0.2368841011998667,0.966823701080024,0.03258307289289958,0.0
251,0.4217687074829932,0.5172413793103449,0.8599997310273411,0.4118679249320579,0.22799219582458552,0.9669432446164805,0.03246559577034794,0.0
252,0.4217687074829932,0.5172413793103449,0.8599055905967157,0.40825148188568616,0.2203144229983629,0.9671211341788286,0.03229078213708314,0.0
253,0.4217687074829932,0.5172413793103449,0.8600131796602875,0.404677836981875,0.22149797206026678,0.966912432168872,0.0324958755487479,0.0
254,0.4285714285714286,0.5229885057471264,0.8599324878626087,0.41394363484624774,0.2271034954279817,0.9670595095349022,0.03235134108610717,0.0
255,0.4285714285714286,0.5229885057471264,0.8596904124695726,0.4067107487535041,0.22842424994561628,0.967122769673221,0.03228917492771065,0.0
256,0.4285714285714286,0.5229885057471264,0.8592735048482323,0.40063341250989704,0.22575074284412366,0.9671330225075714,0.03227909941282352,0.0
257,0.4285714285714286,0.5229885057471264,0.8591659157846603,0.41032719179987587,0.21969824041106056,0.9671905334739535,0.03222258315028878,0.0
258,0.4285714285714286,0.5229885057471264,0.8590583267210887,0.4057049924033297,0.21866263775852968,0.9672102476526945,0.03220320997341852,0.0
259,0.4217687074829932,0.5229885057471264,0.8590986726199281,0.4113543472213306,0.22161267364166248,0.9672312021068947,0.032182617989872334,0.0
260,0.4217687074829932,0.5229885057471264,0.8589507376575172,0.4165757206137254,0.22869305900474046,0.9674189424506352,0.031998125888987886,0.0
261,0.4217687074829932,0.5229885057471264,0.8586952136315342,0.41815925188846803,0.2264682002083933,0.9673996174587778,0.03201711646538129,0.0
262,0.4217687074829932,0.5229885057471264,0.8584262409726051,0.4155271661209904,0.22144109005130852,0.9672221234148601,0.03219153963652442,0.0
263,0.4217687074829932,0.5229885057471264,0.8582379601113546,0.4218612912199611,0.21774919416834293,0.9671621304747156,0.03225049487923011,0.0
264,0.4217687074829932,0.5229885057471264,0.8583455491749266,0.4186728295991954,0.2226181856643803,0.9671424183700452,0.03226986605208175,0.0
265,0.4285714285714286,0.5977011494252874,0.8581438196807296,0.4155271661209904,0.23102863124103612,0.9673400091792601,0.03207569331918386,0.0
266,0.4285714285714286,0.5977011494252874,0.8577807065911749,0.41499218933898274,0.23486111645637497,0.9671892104051025,0.03222388333414686,0.0
267,0.4285714285714286,0.5977011494252874,0.8574444907675134,0.4155271661209904,0.23055986870614098,0.9671657660255306,0.032246922208818016,0.0
268,0.4285714285714286,0.5977011494252874,0.8573637989698346,0.4165757206137254,0.22022342329890154,0.9672750353902302,0.03213954298685441,0.0
269,0.4285714285714286,0.5977011494252874,0.8574444907675134,0.41920780638120303,0.21727888472944057,0.9673925354933282,0.03202407588205036,0.0
270,0.4489795918367347,0.5632183908045978,0.8577134634264427,0.4176242751064604,0.22038337099982386,0.9675322370135433,0.031886792138708334,0.0
271,0.4489795918367347,0.5632183908045978,0.8576058743628712,0.4144786116282554,0.2284967930428201,0.9675897415697179,0.031830283002835316,0.0
272,0.4489795918367347,0.5632183908045978,0.8575386311981388,0.4134300571355204,0.22701724832288617,0.9677437910819506,0.03167890071898388,0.0
273,0.4489795918367347,0.5632183908045978,0.8574713880334064,0.4097922150178682,0.22642413586274912,0.9675954803735536,0.0318246435458787,0.0
274,0.4489795918367347,0.5632183908045978,0.8574982852992992,0.41291647942479304,0.21713349195326648,0.9676094506361075,0.03181091513344815,0.0
275,0.4489795918367347,0.5632183908045978,0.8577807065911749,0.40927863730714087,0.217143572345593,0.9676805480797519,0.03174104862216756,0.0
276,0.4421768707482993,0.5402298850574713,0.8577538093252819,0.40722432646423146,0.22082714314185714,0.967666577841392,0.03175477697501723,0.0
277,0.4421768707482993,0.5402298850574713,0.8576058743628712,0.40416425927114763,0.2239195282417159,0.9677031267811209,0.0317188608710362,0.0
278,0.4421768707482993,0.5402298850574713,0.857431042134567,0.3961396075410327,0.22657034731863246,0.96749893515263,0.03191951758936715,0.0
279,0.4421768707482993,0.5402298850574713,0.8573234530709954,0.4077379041749588,0.21801120879516067,0.9675186439688019,0.0319001499013539,0.0
280,0.4421768707482993,0.5402298850574713,0.8573369017039418,0.4001412338704501,0.21874847357881977,0.9674878342597673,0.031930426349648766,0.0
281,0.4421768707482993,0.5919540229885059,0.8573369017039418,0.3941708929832446,0.22479536325770177,0.9676012187686496,0.03181900449177005,0.0
282,0.4421768707482993,0.5919540229885059,0.8569737886143873,0.40163916886007145,0.2366079622096091,0.9675637980499374,0.03185577741811052,0.0
283,0.4421768707482993,0.5919540229885059,0.8564761891953683,0.4021527465707988,0.22683130369017002,0.9676454936412249,0.03177549612943435,0.0
284,0.4421768707482993,0.5919540229885059,0.8561265247387604,0.39714536389120714,0.22888665951741693,0.967539464491125,0.03187968976427513,0.0
285,0.4421768707482993,0.5919540229885059,0.8558441034468847,0.40927863730714087,0.21913723418092845,0.9675439480673376,0.03187528379693298,0.0
286,0.4421768707482993,0.5919540229885059,0.8557096171174201,0.4113543472213306,0.2239989862939017,0.967587475339247,0.031832510001954,0.0
287,0.4421768707482993,0.5804597701149425,0.855359952660812,0.41499218933898274,0.22959780268121777,0.9676326155779051,0.031788151233554135,0.0
288,0.4421768707482993,0.5804597701149425,0.8549026991406323,0.4077379041749588,0.23446078958692285,0.9675840761779533,0.03183585031977676,0.0
289,0.4421768707482993,0.5804597701149425,0.8544050997216133,0.4067107487535041,0.22912005356351794,0.9677035387925308,0.03171845599377392,0.0
290,0.4421768707482993,0.5804597701149425,0.8542302674933093,0.4108407695106032,0.21878480906927722,0.9675749346475264,0.031844833601582356,0.0
291,0.4421768707482993,0.5804597701149425,0.8541899215944697,0.4087650595964135,0.22040467445685752,0.9675917702659369,0.03182828942610594,0.0
292,0.4421768707482993,0.5402298850574713,0.853988192100273,0.40825148188568616,0.22511778913872948,0.967713739410236,0.03170843200595465,0.0
293,0.4421768707482993,0.5402298850574713,0.8537057708083975,0.4057049924033297,0.22894707725416086,0.9677560009469452,0.03166690229336841,0.0
294,0.4421768707482993,0.5402298850574713,0.8534233495165218,0.40722432646423146,0.22288416109056475,0.9678360518374163,0.03158823778475835,0.0
295,0.4421768707482993,0.5402298850574713,0.8531812741234852,0.4077379041749588,0.21977895505102996,0.9679748486886517,0.03145184526971749,0.0
296,0.4421768707482993,0.5402298850574713,0.8529660959963421,0.40722432646423146,0.21888699671697665,0.9680520322099326,0.031375999075759706,0.0
297,0.4421768707482993,0.5402298850574713,0.8527912637680379,0.404677836981875,0.22227149467261165,0.9680367986032934,0.031390968718921525,0.0
298,0.46258503401360546,0.6264367816091955,0.8525491883750018,0.39564742890158566,0.22506607006655244,0.9680622168358717,0.03136599093069549,0.0
299,0.46258503401360546,0.6264367816091955,0.8521995239183937,0.38877832702060733,0.22667734114313332,0.9681451178456264,0.031284526582424935,0.0
300,0.46258503401360546,0.6264367816091955,0.8519036539935714,0.40519141469260234,0.22150233289197463,0.9681425882748691,0.03128701231246349,0.0
301,0.46258503401360546,0.6264367816091955,0.8518633080947322,0.40163916886007145,0.22061625600262902,0.9681216303412121,0.03130760702694077,0.0
302,0.46258503401360546,0.6264367816091955,0.8518095135629464,0.3961396075410327,0.21855097420820513,0.9681692668126232,0.031260796159816265,0.0
303,0.46258503401360546,0.6206896551724138,0.8516884758664283,0.38830754745244056,0.2253303282853627,0.968219763109353,0.031211175121295814,0.0
304,0.46258503401360546,0.6206896551724138,0.8514195032074989,0.4021527465707988,0.2340386575562785,0.9682312020736852,0.031199934442644142,0.0
305,0.46258503401360546,0.6206896551724138,0.8509219037884799,0.4021527465707988,0.22855123246691933,0.9682372440723199,0.031193997179301394,0.0
306,0.46258503401360546,0.6206896551724138,0.8506125852307114,0.39962765615972273,0.22529166113345234,0.9682655091608581,0.03116622207076411,0.0
307,0.46258503401360546,0.6206896551724138,0.850545342065979,0.404677836981875,0.21924258285408715,0.9682683674208654,0.031163413360783,0.0
308,0.46258503401360546,0.6206896551724138,0.850491547534193,0.3917099997860093,0.2213043167343034,0.9683915790204232,0.031042338003685305,0.0
309,0.4829931972789116,0.6091954022988506,0.8501822289764245,0.4001412338704501,0.22394809309604014,0.9686843618582479,0.030754633628675407,0.0
310,0.4829931972789116,0.6091954022988506,0.8498998076845488,0.40825148188568616,0.22703753721353492,0.9686888028684706,0.0307502696737465,0.0
311,0.4829931972789116,0.6091954022988506,0.8496577322915126,0.41032719179987587,0.21479254925903946,0.9687142014615198,0.03072531178149808,0.0
312,0.4829931972789116,0.6091954022988506,0.8497653213550842,0.4097922150178682,0.2167103723893523,0.9688078814183072,0.030633257502818395,0.0
313,0.4829931972789116,0.6091954022988506,0.8497922186209772,0.4057049924033297,0.21995254904997896,0.9690107969421113,0.030433864364386706,0.0
314,0.4421768707482993,0.5919540229885059,0.8496577322915126,0.4057049924033297,0.22319164258715873,0.9689031434881059,0.030539648890690343,0.0
315,0.4421768707482993,0.5919540229885059,0.8492946192019581,0.40163916886007145,0.23218708337733185,0.9689790251695207,0.03046508451676601,0.0
316,0.4421768707482993,0.5919540229885059,0.8489584033782964,0.40264492521024586,0.22921907825561716,0.9690688761487074,0.030376793620631448,0.0
317,0.4421768707482993,0.5919540229885059,0.8486356361875815,0.404677836981875,0.2209430211239507,0.9691657101432796,0.030281641280963875,0.0
318,0.4421768707482993,0.5919540229885059,0.848501149858117,0.40621857011405704,0.21607631562689,0.9693981428264493,0.030053246488428553,0.0
319,0.4421768707482993,0.5402298850574713,0.8484204580604382,0.4057049924033297,0.21975612614436302,0.969545159105877,0.02990878522517945,0.0
320,0.4421768707482993,0.5402298850574713,0.8480976908697231,0.4001412338704501,0.225791672165646,0.9699064949619576,0.029553732384047196,0.0
321,0.4421768707482993,0.5402298850574713,0.8477614750460616,0.4077379041749588,0.2213540227150661,0.9701474758472308,0.02931694436073297,0.0
322,0.4421768707482993,0.5402298850574713,0.8473714646906143,0.4097922150178682,0.22163494074310286,0.970171569172674,0.02929327035366082,0.0
323,0.4421768707482993,0.5402298850574713,0.8470890433987386,0.40825148188568616,0.21749861064704146,0.9702893430197079,0.029177546534605386,0.0
324,0.4421768707482993,0.5402298850574713,0.8467931734739162,0.40825148188568616,0.22014010070912293,0.9701734100341106,0.029291461531301896,0.0
325,0.5102040816326532,0.6494252873563219,0.8463762658525762,0.4057049924033297,0.2232214855127186,0.9703346630710996,0.02913301547889484,0.0
326,0.5102040816326532,0.6494252873563219,0.8457845260029317,0.40416425927114763,0.22231538469527712,0.9704050729012472,0.029063831589622308,0.0
327,0.5102040816326532,0.6494252873563219,0.8451927861532875,0.40416425927114763,0.22391660542409064,0.9705888278070631,0.02888327697405324,0.0
328,0.5102040816326532,0.6494252873563219,0.8448296730637332,0.39714536389120714,0.22508392881149675,0.9707024392625456,0.02877164479344506,0.0
329,0.5102040816326532,0.6494252873563219,0.8443993168094464,0.40722432646423146,0.21784455268384872,0.9707811075740516,0.028694347269499307,0.0
330,0.4829931972789116,0.6609195402298851,0.8439420632892667,0.40621857011405704,0.22195450009109252,0.9707324439145317,0.028742162943251395,0.0
331,0.4829931972789116,0.6609195402298851,0.8433234261737295,0.40367208063170057,0.22753914834216682,0.9708644054942113,0.02861250105042204,0.0
332,0.4829931972789116,0.6609195402298851,0.8426375458934598,0.4001412338704501,0.22146551586846586,0.9710369807640973,0.028442934186575466,0.0
333,0.4829931972789116,0.6609195402298851,0.8419516656131902,0.40063341250989704,0.22055657192702738,0.9708317209458457,0.02864461594860286,0.0
334,0.4829931972789116,0.6609195402298851,0.8414809634600642,0.3976375425306542,0.219360870090073,0.9709271746184136,0.028550826020315292,0.0
335,0.4829931972789116,0.6609195402298851,0.8408219804456876,0.38877832702060733,0.22302244041499186,0.9711514732378212,0.028330438186784476,0.0
336,0.4829931972789116,0.6264367816091955,0.8401226515324718,0.3951552502621386,0.2241773299729839,0.9711658887074996,0.028316274121765433,0.0
337,0.4829931972789116,0.6264367816091955,0.8393291821886304,0.39220217842545635,0.22414887981936338,0.971244713899889,0.028238823766979337,0.0
338,0.4829931972789116,0.6264367816091955,0.8385222642118428,0.3951552502621386,0.22618559377046432,0.9712409764390557,0.02824249603545463,0.0
339,0.4829931972789116,0.6264367816091955,0.8377287948680017,0.38445571462198547,0.22246931184973862,0.9713575496620095,0.028127956430800738,0.0
340,0.4829931972789116,0.6264367816091955,0.8370160173218393,0.40163916886007145,0.22436096930335403,0.9712138159966948,0.028269182734563025,0.0
341,0.49659863945578236,0.6896551724137931,0.8361015102814797,0.3961396075410327,0.22890355599899237,0.9713052382065435,0.02817935525308471,0.0
342,0.49659863945578236,0.6896551724137931,0.83499872237987,0.40264492521024586,0.23167066627239485,0.971449897615063,0.028037219834122218,0.0
343,0.49659863945578236,0.6896551724137931,0.8338152426805814,0.4057049924033297,0.22896893833315168,0.9714770389962588,0.02801055209452112,0.0
344,0.49659863945578236,0.6896551724137931,0.8327528006778111,0.4108407695106032,0.22509321476504163,0.9714915058412075,0.027996337719908865,0.0
345,0.49659863945578236,0.6896551724137931,0.8316903586750406,0.40927863730714087,0.22564523697522532,0.9717703621162102,0.02772234942096828,0.0
346,0.49659863945578236,0.6896551724137931,0.8304665330769128,0.41032719179987587,0.23106392553978583,0.971738670542301,0.027753487616016814,0.0
347,0.49659863945578236,0.632183908045977,0.8291216697822665,0.39962765615972273,0.23604163333370676,0.9717573546897107,0.02773512971536793,0.0
348,0.49659863945578236,0.632183908045977,0.8276423201581558,0.40416425927114763,0.23273526467840855,0.9718194096785275,0.027674158368502816,0.0
349,0.49659863945578236,0.632183908045977,0.826243662331724,0.4077379041749588,0.23209368773777217,0.9721877382861344,0.02731226459439673,0.0
350,0.49659863945578236,0.632183908045977,0.8249660422018101,0.4097922150178682,0.22938886965709226,0.9723545454318163,0.027148373237527543,0.0
351,0.49659863945578236,0.632183908045977,0.8235942816412711,0.40722432646423146,0.22830611167484538,0.9723590742899617,0.02714392355778067,0.0
352,0.4829931972789116,0.6379310344827587,0.8220207915865352,0.40519141469260234,0.2322369393195306,0.9724852917117914,0.027019913103187146,0.0
353,0.4829931972789116,0.6379310344827587,0.8201514316069771,0.4087650595964135,0.2314308951669758,0.9723821156636561,0.027121285029844067,0.0
354,0.4829931972789116,0.6379310344827587,0.8182820716274191,0.41032719179987587,0.23151128663311038,0.9723921621397267,0.02711141420816275,0.0
355,0.4829931972789116,0.6379310344827587,0.8165203007114328,0.4113543472213306,0.22967578105601005,0.9724203079469866,0.02708376052656733,0.0
356,0.4829931972789116,0.6379310344827587,0.8147316325295533,0.4113543472213306,0.2333039934820862,0.9726609579253527,0.026847319445956516,0.0
357,0.4829931972789116,0.6379310344827587,0.812795029385263,0.4057049924033297,0.2391490431538943,0.9730133955306997,0.026501049636161594,0.0
358,0.5306122448979593,0.706896551724138,0.8106297994808827,0.4077379041749588,0.24514215265853923,0.9732468511870351,0.026271682008446498,0.0
359,0.5306122448979593,0.706896551724138,0.8082897373481985,0.4067107487535041,0.24639085258740945,0.9732760185670948,0.02624302551465349,0.0
360,0.5306122448979593,0.706896551724138,0.8059227779496214,0.4067107487535041,0.24304488130807955,0.9733288349884681,0.02619113428644229,0.0
361,0.5306122448979593,0.706896551724138,0.8036365103487231,0.40825148188568616,0.2360075136267198,0.9732724921657621,0.026246490147081136,0.0
362,0.5306122448979593,0.706896551724138,0.8014443831784499,0.4077379041749588,0.23918181982343423,0.9734159943033305,0.02610550197404253,0.0
363,0.5170068027210885,0.6551724137931035,0.7990639751469262,0.40519141469260234,0.24442487642872124,0.9733859746578943,0.026134995654273532,0.0
364,0.5170068027210885,0.6551724137931035,0.796374248557634,0.4031585029209732,0.2538182573794566,0.9736101511674491,0.02591474765790895,0.0
365,0.5170068027210885,0.6551724137931035,0.7933886520435198,0.4011469902206245,0.25504523629368936,0.9734538192551696,0.026068339788027015,0.0
366,0.5170068027210885,0.6551724137931035,0.7904702986941377,0.40264492521024586,0.25271133835372983,0.9736719462572729,0.025854035795643313,0.0
367,0.5170068027210885,0.6551724137931035,0.7874712535470769,0.404677836981875,0.24978299686980465,0.9736214792633255,0.02590361812584746,0.0
368,0.5170068027210885,0.6551724137931035,0.784378067969391,0.40063341250989704,0.2548633826388459,0.9738237294501104,0.025704913846875163,0.0
369,0.5238095238095238,0.6551724137931035,0.7810966015304543,0.4031585029209732,0.26202439242367603,0.9739278047633277,0.02560266378582883,0.0
370,0.5238095238095238,0.6551724137931035,0.7775865083314282,0.39812972117010126,0.26546583294437887,0.9741390628280939,0.025395111922798308,0.0
371,0.5238095238095238,0.6551724137931035,0.7739553774358836,0.3966317861804798,0.26458758002608995,0.9742493324836268,0.025286777419305614,0.0
372,0.5238095238095238,0.6551724137931035,0.7702166574767675,0.39564742890158566,0.2631107591640265,0.9743410508903629,0.025196668937383038,0.0
373,0.5238095238095238,0.6551724137931035,0.766383797087026,0.39367871434379753,0.26549856506033853,0.9742326044830385,0.025303211827508984,0.0
374,0.5102040816326532,0.632183908045977,0.7624433476337131,0.38588945239776595,0.2741416863766585,0.9742941731309394,0.025242723817925736,0.0
375,0.5102040816326532,0.632183908045977,0.7582742714203101,0.3917099997860093,0.28518514759107527,0.9742364235152152,0.02529945982211032,0.0
376,0.5102040816326532,0.632183908045977,0.7539572602444962,0.38588945239776595,0.2895107826358265,0.9742521598035978,0.02528399972251899,0.0
377,0.5102040816326532,0.632183908045977,0.7496805949675216,0.3815882390704244,0.2930928179442769,0.9742131010376553,0.02532237298150647,0.0
378,0.5102040816326532,0.632183908045977,0.7452828919940289,0.3830005777749246,0.29322649091397535,0.9743745677115783,0.025163740509474022,0.0
379,0.5102040816326532,0.632183908045977,0.7408448431216967,0.3759388842524235,0.3016043109826553,0.9744392060118265,0.02510023705946661,0.0
380,0.5306122448979593,0.6436781609195403,0.7363798969834716,0.3658171235368385,0.31044806672568936,0.9744517282897043,0.025087934651745025,0.0
381,0.5306122448979593,0.6436781609195403,0.7317939131487285,0.36175129999358024,0.32201833183497164,0.9745515701492309,0.024989846049705167,0.0
382,0.5306122448979593,0.6436781609195403,0.7272482752128246,0.359076416083542,0.3218430525133733,0.9744835414611153,0.025056680091627717,0.0
383,0.5306122448979593,0.6436781609195403,0.7228640208722783,0.3555455693222914,0.31008225953234336,0.9741600110552504,0.025374531288037572,0.0
384,0.5306122448979593,0.6436781609195403,0.7186277014941429,0.3426419293402666,0.31925052606591753,0.9740639015981856,0.025468954378912778,0.0
385,0.4829931972789116,0.6494252873563219,0.7147544952055622,0.32783377201429464,0.3230201654386483,0.9740435361630446,0.025488962518549194,0.0
386,0.4829931972789116,0.6494252873563219,0.7109888779805533,0.31026513449316306,0.32891013026477733,0.973626848698899,0.025898342809707597,0.0
387,0.4829931972789116,0.6494252873563219,0.7076401683768845,0.289037255783099,0.3128090624836709,0.9730880804725857,0.026427672284430534,0.0
388,0.4829931972789116,0.6494252873563219,0.7046411232298235,0.2582867903532987,0.3700839419109485,0.9724299709662922,0.027074266470430583,0.0
389,0.6054421768707484,0.7356321839080461,0.9362400312008283,0.31062891870492826,0.030829963328346865,0.9772038048638656,0.022384316931556222,0.0
390,0.5918367346938777,0.8333333333333335,0.9560902134298048,0.2855278080931287,0.0549554408218379,0.9780726853355297,0.02153079244833972,0.0
391,0.5918367346938777,0.8333333333333335,0.9707895692402866,0.25954933555883675,0.10928537301477836,0.9791049610922293,0.020516795746946745,0.0
392,0.5918367346938777,0.8333333333333335,0.9799480882768266,0.25047612933598684,0.08524327718018188,0.9798755056581356,0.01975992063096088,0.0
393,0.5918367346938777,0.8333333333333335,0.9877482953857739,0.23669512743146948,0.052665868474589206,0.9806226567808061,0.019026044371081033,0.0
394,0.5918367346938777,0.8333333333333335,0.994512957757844,0.20207143009993367,0.04764070095638462,0.9814764265656066,0.01818746837800525,0.0
395,0.7687074829931975,0.9942528735632185,0.9986416880724074,0.18771265327084807,0.01023650476350546,0.9829725022035731,0.016718080359374,0.0
396,0.7687074829931975,0.9942528735632185,1.0,0.1665703708459053,8.35418345850325e-05,0.984927997718799,0.014797589252254315,0.0
397,0.7687074829931975,0.9942528735632185,0.9970413007517787,0.1369968543365218,0.00418361483233054,0.9871474526840167,0.01261803043855178,0.0
398,0.7687074829931975,0.9942528735632185,0.9873044904985409,0.10275834028803149,0.0,0.9899827850954601,0.009833922810111306,0.0
399,0.7687074829931975,0.9942528735632185,0.9699019594658205,0.06411161755579808,0.002290893251726045,0.9940285368277557,0.005861764709592696,0.0
400,0.7687074829931975,0.9942528735632185,0.9425877859515581,0.01463696475572962,0.005971252177759845,1.0,0.0,0.0
443,0.6258503401360545,0.810344827586207,0.7456325564506368,0.336799982880743,0.3153174745707157,0.9853390620411027,0.014393900704618948,0.0
444,0.6258503401360545,0.810344827586207,0.7345912288015923,0.33763454666067494,0.3419308923398481,0.993723297006305,0.0061614315811554105,0.0
445,0.6258503401360545,0.810344827586207,0.7260916927794288,0.33763454666067494,0.3096041045691339,0.9910654420025402,0.00877090211726371,0.0
446,0.6258503401360545,0.810344827586207,0.7231060962653146,0.34137938413472857,0.33028581157412384,0.9902255665108406,0.009595541068694202,0.0
447,0.6258503401360545,0.810344827586207,0.7193270304073591,0.3451884188226231,0.32787397184677647,0.9887083625514066,0.01108528510388393,0.0
448,1.0,1.0000000000000002,0.714014820393507,0.348184288801866,0.3341645175401151,0.9872210106386667,0.01254579777073997,0.0
449,1.0,1.0000000000000002,0.7065104832093818,0.33971025657486464,0.34143769975682803,0.9853067059913521,0.014425675965551402,0.0
450,1.0,1.0000000000000002,0.696276073537125,0.3388756927949327,0.3615261915711372,0.9834754068997142,0.01622416477854513,0.0
451,1.0,1.0000000000000002,0.6838360880616485,0.3266354240225975,0.37626950596489595,0.9831285404129169,0.016564830264009928,0.0
452,1.0,1.0000000000000002,0.6733192570975159,0.32462391132224866,0.3708162178926484,0.9831415668945915,0.016552036581082924,0.0
453,0.5034013605442178,0.67816091954023,0.66608389257232,0.3671652650274978,0.38732295954775364,0.9827561161186011,0.01693060147581199,0.0
454,0.5034013605442178,0.67816091954023,0.6572884866253346,0.36309944148423956,0.38268843690095844,0.981932390442239,0.017739629639143134,0.0
455,0.5034013605442178,0.67816091954023,0.6464757857363799,0.3559949498191779,0.4049215385174949,0.980055224823225,0.01958339275565006,0.0
456,0.5034013605442178,0.67816091954023,0.6352461772260849,0.3524855021292076,0.43172384864348334,0.9788992860974837,0.020718825684610365,0.0
457,0.5034013605442178,0.67816091954023,0.6230213698777518,0.3503241959298966,0.4324527490176209,0.9784628277147398,0.02114755401736114,0.0
458,0.46258503401360546,0.632183908045977,0.6095054937665585,0.3426419293402666,0.48315884990505564,0.9791539129691351,0.02046871163976946,0.0
459,0.46258503401360546,0.632183908045977,0.5946851002595588,0.3486122702274721,0.5432360228080566,0.9805124796273716,0.01913426271003077,0.0
460,0.46258503401360546,0.632183908045977,0.5824602929112255,0.344760437397017,0.4988978283855585,0.9809672832535128,0.018687547755089642,0.0
461,0.46258503401360546,0.632183908045977,0.5773767096574633,0.34561640024822926,0.4464875219879596,0.9808668619101368,0.018786182466788773,0.0
462,0.46258503401360546,0.632183908045977,0.5737859246607582,0.34604438167383533,0.387597792416152,0.9810948751130333,0.018562226451148287,0.0
