sensors.id,sensors.carId,sensors.carLocation,sensors.timeValue,sensors.pm25,sensors.pm10,sensors.temperature,sensors.gas,sensors.humidity,sensors.pressure,sensors.altitude,sensors.tags,sensors.classification
553,66-ZZ-66,41.5608 -8.3968,2020-12-02 23:54:53,9.5,13.0,21.6395703125,21515,43.57013751176075,982.2964841003662,260.95646720979835,"Existência de fumo, vidros fechados, AC desligado",1
552,66-ZZ-66,41.5608 -8.3968,2020-12-02 22:24:04,16.5,24.7,20.1317578125,34165,46.91004081959901,982.3075677280926,260.86184136496564,"Existência de fumo, vidros fechados, AC desligado",1
551,66-ZZ-66,41.5608 -8.3968,2020-12-02 22:23:53,16.1,25.5,20.10734375,33695,46.78289551081131,982.3259570354119,260.70484560084566,"Existência de fumo, vidros fechados, AC desligado",1
550,66-ZZ-66,41.5608 -8.3968,2020-12-02 22:23:43,16.0,26.4,20.089375,33113,46.73731974298903,982.3213094367749,260.7445235046589,"Existência de fumo, vidros fechados, AC desligado",1
549,66-ZZ-66,41.5608 -8.3968,2020-12-02 22:23:32,15.9,24.4,20.0719921875,32696,46.84711301865937,982.3227072189533,260.7325902149261,"Existência de fumo, vidros fechados, AC desligado",1
548,66-ZZ-66,41.5608 -8.3968,2020-12-02 22:23:22,16.4,26.6,20.058125,32148,46.85170743569089,982.3299717446795,260.6705709803602,"Existência de fumo, vidros fechados, AC desligado",1
547,66-ZZ-66,41.5608 -8.3968,2020-12-02 22:23:11,16.8,26.7,20.0454296875,31618,46.993209565040544,982.327365148261,260.69282416115266,"Existência de fumo, vidros fechados, AC desligado",1
546,66-ZZ-66,41.5608 -8.3968,2020-12-02 22:23:01,16.9,31.5,20.033515625,30952,46.91720094148297,982.3294408273615,260.67510355351817,"Existência de fumo, vidros fechados, AC desligado",1
545,66-ZZ-66,41.5608 -8.3968,2020-12-02 22:22:50,16.4,31.1,20.0227734375,30272,46.79787493467674,982.3419188289259,260.56857627601937,"Existência de fumo, vidros fechados, AC desligado",1
544,66-ZZ-66,41.5608 -8.3968,2020-12-02 22:22:40,16.0,29.8,20.0096875,29562,46.8274108168835,982.3403474872072,260.5819910846379,"Existência de fumo, vidros fechados, AC desligado",1
543,66-ZZ-66,41.5608 -8.3968,2020-12-02 22:22:29,16.0,28.6,19.99171875,28960,46.86880924209544,982.3407604861995,260.5784652410696,"Existência de fumo, vidros fechados, AC desligado",1
542,66-ZZ-66,41.5608 -8.3968,2020-12-02 22:22:19,15.8,25.5,19.968671875,28201,47.00288346553965,982.3445197052965,260.54637219505184,"Existência de fumo, vidros fechados, AC desligado",1
541,66-ZZ-66,41.5608 -8.3968,2020-12-02 22:22:08,15.6,26.5,19.9434765625,27429,47.11813273055611,982.3531356474231,260.47281691407073,"Existência de fumo, vidros fechados, AC desligado",1
540,66-ZZ-66,41.5608 -8.3968,2020-12-02 22:21:58,15.5,22.7,19.9153515625,26618,47.15840116209435,982.3501008183224,260.4987255367729,"Existência de fumo, vidros fechados, AC desligado",1
539,66-ZZ-66,41.5608 -8.3968,2020-12-02 22:21:47,15.5,22.5,19.887421875,25839,47.37933306864084,982.3456998808676,260.53629687067144,"Existência de fumo, vidros fechados, AC desligado",1
538,66-ZZ-66,41.5608 -8.3968,2020-12-02 22:21:37,15.9,22.6,19.8641796875,24793,47.30183471500045,982.3440549485532,260.5503398912432,"Existência de fumo, vidros fechados, AC desligado",1
537,66-ZZ-66,41.5608 -8.3968,2020-12-02 22:21:26,16.1,26.0,19.84328125,22925,47.32429685945314,982.3378762852884,260.60308818631995,"Existência de fumo, vidros fechados, AC desligado",1
536,66-ZZ-66,41.5608 -8.3968,2020-12-02 22:21:16,16.5,25.9,19.8239453125,22031,47.4903015479326,982.3359936909012,260.61916026694763,"Existência de fumo, vidros fechados, AC desligado",1
535,66-ZZ-66,41.5608 -8.3968,2020-12-02 22:21:05,16.6,26.5,19.8059765625,21002,47.61293535887631,982.3363922520517,260.6157576695008,"Existência de fumo, vidros fechados, AC desligado",1
534,66-ZZ-66,41.5608 -8.3968,2020-12-02 22:20:55,17.1,25.7,19.792109375,19938,47.65498161976344,982.3335048876916,260.6404077104718,"Existência de fumo, vidros fechados, AC desligado",1
533,66-ZZ-66,41.5608 -8.3968,2020-12-02 22:20:44,17.3,28.5,19.7860546875,18830,47.72917587104473,982.3267733730358,260.69787630437645,"Existência de fumo, vidros fechados, AC desligado",1
532,66-ZZ-66,41.5608 -8.3968,2020-12-02 22:20:34,17.5,32.3,19.78234375,17334,47.7287372055117,982.3256437504492,260.7075202010818,"Existência de fumo, vidros fechados, AC desligado",1
531,66-ZZ-66,41.5608 -8.3968,2020-12-02 22:18:45,17.6,35.2,19.7782421875,15692,47.78445458631013,982.322173148519,260.73714973432527,"Existência de fumo, vidros fechados, AC desligado",1
530,66-ZZ-66,41.5608 -8.3968,2020-12-02 22:18:34,16.8,32.6,19.7731640625,13417,47.76511791299042,982.3255156214585,260.7086140738556,"Existência de fumo, vidros fechados, AC desligado",1
529,66-ZZ-66,41.5608 -8.3968,2020-12-02 22:19:17,17.2,29.0,19.6774609375,15636,48.116324093030094,982.3396419331718,260.58801452379015,"Existência de fumo, vidros fechados, AC desligado",1
528,66-ZZ-66,41.5608 -8.3968,2020-12-02 22:19:06,16.7,28.3,19.6540234375,14400,48.21993291873609,982.3460925420593,260.5329446691774,"Existência de fumo, vidros fechados, AC desligado",1
527,66-ZZ-66,41.5608 -8.3968,2020-12-02 22:18:56,16.4,22.6,19.6298046875,13114,48.07312891854791,982.347858983178,260.51786433678143,"Existência de fumo, vidros fechados, AC desligado",1
526,66-ZZ-66,41.5608 -8.3968,2020-12-02 22:18:45,16.2,23.0,19.61203125,11851,48.03974877802206,982.3536330583955,260.468570475795,"Existência de fumo, vidros fechados, AC desligado",1
525,66-ZZ-66,41.5608 -8.3968,2020-12-02 22:18:35,16.5,23.2,19.6044140625,10093,48.13267275353675,982.3577954238671,260.43303608855587,"Existência de fumo, vidros fechados, AC desligado",1
524,66-ZZ-66,41.5608 -8.3968,2020-12-02 22:18:24,16.6,24.3,19.595625,8794,48.14414272897268,982.3650651688914,260.3709740905129,"Existência de fumo, vidros fechados, AC desligado",1
523,66-ZZ-66,41.5608 -8.3968,2020-12-02 22:18:14,16.8,25.1,19.58703125,7422,48.406117336145016,982.3692840962375,260.33495717105586,"Existência de fumo, vidros fechados, AC desligado",1
522,66-ZZ-66,41.5608 -8.3968,2020-12-02 22:18:03,16.8,26.6,19.57609375,6027,48.8000396037122,982.3763412197818,260.27471089320846,"Existência de fumo, vidros fechados, AC desligado",1
521,66-ZZ-66,41.5608 -8.3968,2020-12-02 22:17:53,16.8,25.3,19.56125,4586,49.80598254904736,982.3718092954323,260.31339964333455,"Existência de fumo, vidros fechados, AC desligado",1
520,66-ZZ-66,41.5608 -8.3968,2020-11-28 18:29:21,16.8,25.4,19.545625,3389,48.75870631960204,982.3659718635499,260.36323364125053,"Existência de fumo, vidros fechados, AC desligado",1
519,66-ZZ-66,41.5608 -8.3968,2020-11-28 18:29:11,16.7,24.0,19.5346875,2071,48.24329826314704,982.3628980596997,260.3894747178566,"Existência de fumo, vidros fechados, AC desligado",1
518,66-ZZ-66,41.5608 -8.3968,2020-11-28 18:29:15,644.6,1191.0,14.0751171875,15504,64.52948476963557,967.8460650496716,385.068009029485,"Existência de fumo, vidros fechados, AC desligado",1
517,66-ZZ-66,41.5608 -8.3968,2020-11-28 18:29:04,884.5,1713.6,14.0637890625,14141,66.0122495419965,967.8373464576476,385.1433427186894,"Existência de fumo, vidros fechados, AC desligado",1
516,66-ZZ-66,41.5608 -8.3968,2020-11-28 18:28:53,811.4,1569.3,14.0473828125,17158,65.65489024729567,967.8235654818825,385.26241945875825,"Existência de fumo, vidros fechados, AC desligado",1
515,66-ZZ-66,41.5608 -8.3968,2020-11-28 18:28:42,828.5,1566.5,14.039765625,16767,64.96598765541222,967.8310270461458,385.19794644087244,"Existência de fumo, vidros fechados, AC desligado",1
514,66-ZZ-66,41.5608 -8.3968,2020-11-28 18:28:31,904.1,1772.0,14.0368359375,15793,64.42239900068431,967.8295218724473,385.2109521385463,"Existência de fumo, vidros fechados, AC desligado",1
513,66-ZZ-66,41.5608 -8.3968,2020-11-28 18:28:20,827.4,1605.0,14.041328125,14114,64.2197049421045,967.8302685487121,385.20450035902576,"Existência de fumo, vidros fechados, AC desligado",1
512,66-ZZ-66,41.5608 -8.3968,2020-11-28 18:28:09,786.8,1472.1,14.047578125,13368,64.14607433454027,967.828907200302,385.21626331770807,"Existência de fumo, vidros fechados, AC desligado",1
511,66-ZZ-66,41.5608 -8.3968,2020-11-28 18:27:58,587.2,866.9,14.05734375,13710,64.59485481163361,967.8300207733847,385.2066413021945,"Existência de fumo, vidros fechados, AC desligado",1
510,66-ZZ-66,41.5608 -8.3968,2020-11-28 18:27:48,713.4,1165.6,14.0735546875,14571,64.4546507994919,967.8367866692149,385.14817963402646,"Existência de fumo, vidros fechados, AC desligado",1
509,66-ZZ-66,41.5608 -8.3968,2020-11-28 18:27:37,899.9,1804.9,14.0909375,14756,64.55883691570445,967.8321088354948,385.18859907451196,"Existência de fumo, vidros fechados, AC desligado",1
508,66-ZZ-66,41.5608 -8.3968,2020-11-28 18:27:26,999.9,1999.9,14.1063671875,14060,64.90056300635038,967.8241959118619,385.2569720970446,"Existência de fumo, vidros fechados, AC desligado",1
507,66-ZZ-66,41.5608 -8.3968,2020-11-28 18:27:15,906.0,1918.7,14.1196484375,14123,63.57451916294379,967.8244355638005,385.2549013352426,"Existência de fumo, vidros fechados, AC desligado",1
506,66-ZZ-66,41.5608 -8.3968,2020-11-28 18:27:05,814.6,1501.2,14.1298046875,13600,64.05596018730134,967.8328849056567,385.1818933267654,"Existência de fumo, vidros fechados, AC desligado",1
505,66-ZZ-66,41.5608 -8.3968,2020-11-28 18:26:54,714.5,1275.0,14.1341015625,13821,63.6440613866869,967.8249415561701,385.25052920560313,"Existência de fumo, vidros fechados, AC desligado",1
504,66-ZZ-66,41.5608 -8.3968,2020-11-28 18:26:44,608.9,1129.2,14.1329296875,13224,63.89400144554192,967.8163094548526,385.3251168803826,"Existência de fumo, vidros fechados, AC desligado",1
503,66-ZZ-66,41.5608 -8.3968,2020-11-28 18:26:33,438.6,725.3,14.1212109375,12676,63.66929906921686,967.8253494021827,385.2470051308055,"Existência de fumo, vidros fechados, AC desligado",1
502,66-ZZ-66,41.5608 -8.3968,2020-11-28 18:26:23,500.5,858.2,14.1028515625,12447,63.82896380102756,967.8367777091205,385.1482570547547,"Existência de fumo, vidros fechados, AC desligado",1
501,66-ZZ-66,41.5608 -8.3968,2020-11-28 18:26:12,559.7,1101.6,14.0844921875,11058,64.38836870499583,967.8398395409366,385.12180097774893,"Existência de fumo, vidros fechados, AC desligado",1
500,66-ZZ-66,41.5608 -8.3968,2020-11-28 18:26:01,674.2,1374.9,14.0680859375,13935,64.83402876399619,967.8294051586105,385.2119606240858,"Existência de fumo, vidros fechados, AC desligado",1
499,66-ZZ-66,41.5608 -8.3968,2020-11-28 18:25:51,506.0,955.8,14.0645703125,16235,64.04011969975583,967.8286029928231,385.21889187514836,"Existência de fumo, vidros fechados, AC desligado",1
498,66-ZZ-66,41.5608 -8.3968,2020-11-28 18:25:39,760.1,1597.6,14.0622265625,15289,64.1007161499695,967.8314138316222,385.1946043608201,"Existência de fumo, vidros fechados, AC desligado",1
497,66-ZZ-66,41.5608 -8.3968,2020-11-28 18:25:28,479.4,1000.9,14.053828125,14936,63.72077804132569,967.8359096507609,385.15575761583835,"Existência de fumo, vidros fechados, AC desligado",1
496,66-ZZ-66,41.5608 -8.3968,2020-11-28 18:25:18,326.7,742.4,14.0415234375,13591,64.42305319972255,967.833937458718,385.17279859504447,"Existência de fumo, vidros fechados, AC desligado",1
495,66-ZZ-66,41.5608 -8.3968,2020-11-28 18:05:02,17.4,29.1,14.01828125,14060,64.98336797954514,967.8489821398638,385.0428038018848,"Existência de fumo, vidros fechados, AC desligado",1
494,66-ZZ-66,41.5608 -8.3968,2020-11-28 18:04:51,14.3,24.1,13.9903515625,9152,66.09066480444874,967.85626177119,384.9799041416967,"Existência de fumo, vidros fechados, AC desligado",1
438,66-ZZ-66,41.5608 -8.3968,2020-11-25 12:50:14,6.3,10.8,21.988203125,56356,36.0506919556375,974.0043533092827,331.99357095467195,"Não existência de fumo, vidros fechados, AC ligado",0
437,66-ZZ-66,41.5608 -8.3968,2020-11-25 12:50:03,6.3,10.3,21.9784375,56176,36.3414599127555,974.1254327969551,330.952789349161,"Não existência de fumo, vidros fechados, AC ligado",0
436,66-ZZ-66,41.5608 -8.3968,2020-11-25 12:49:53,6.2,8.4,21.9614453125,56356,36.45664760789753,974.2752205998145,329.6653801905217,"Não existência de fumo, vidros fechados, AC ligado",0
435,66-ZZ-66,41.5608 -8.3968,2020-11-25 12:49:42,6.1,8.4,21.9426953125,55609,36.86443900239421,974.4136244718501,328.475957073428,"Não existência de fumo, vidros fechados, AC ligado",0
434,66-ZZ-66,41.5608 -8.3968,2020-11-25 12:49:31,6.3,8.9,21.916328125,55574,36.76227915823516,974.5766911788295,327.0747605901542,"Não existência de fumo, vidros fechados, AC ligado",0
433,66-ZZ-66,41.5608 -8.3968,2020-11-25 12:49:20,6.4,10.6,21.8841015625,55715,36.68888244456859,974.7994992339951,325.16052665431573,"Não existência de fumo, vidros fechados, AC ligado",0
432,66-ZZ-66,41.5608 -8.3968,2020-11-25 12:49:09,6.2,10.3,21.8508984375,56033,36.294070065857504,974.9190424072623,324.1336290255467,"Não existência de fumo, vidros fechados, AC ligado",0
431,66-ZZ-66,41.5608 -8.3968,2020-11-25 12:48:58,6.2,10.1,21.8110546875,55927,36.13271490019122,974.8887053234605,324.39422044602014,"Não existência de fumo, vidros fechados, AC ligado",0
430,66-ZZ-66,41.5608 -8.3968,2020-11-25 12:48:47,6.0,7.9,21.771015625,55891,35.826010253755,974.7936883406397,325.21044588516344,"Não existência de fumo, vidros fechados, AC ligado",0
429,66-ZZ-66,41.5608 -8.3968,2020-11-25 12:48:36,5.9,8.1,21.731171875,56464,35.206788235260625,974.6194095942099,326.70772198623513,"Não existência de fumo, vidros fechados, AC ligado",0
428,66-ZZ-66,41.5608 -8.3968,2020-11-25 12:48:25,5.7,8.0,21.691328125,56464,35.232000068365394,974.4468400152623,328.19052778936265,"Não existência de fumo, vidros fechados, AC ligado",0
427,66-ZZ-66,41.5608 -8.3968,2020-11-25 12:48:14,5.6,8.2,21.651875,55750,35.10086458039356,974.2969431869558,329.4786903268761,"Não existência de fumo, vidros fechados, AC ligado",0
426,66-ZZ-66,41.5608 -8.3968,2020-11-25 12:48:04,5.3,8.0,21.6106640625,54985,34.92921655215466,974.1119847717732,331.0683814399297,"Não existência de fumo, vidros fechados, AC ligado",0
425,66-ZZ-66,41.5608 -8.3968,2020-11-25 12:47:52,4.9,8.0,21.567109375,53289,35.423176116440914,973.9417921400466,332.5313786841096,"Não existência de fumo, vidros fechados, AC ligado",0
424,66-ZZ-66,41.5608 -8.3968,2020-11-25 12:47:37,4.8,8.1,21.5188671875,56464,35.14625076277064,973.7469402012405,334.20660461612584,"Não existência de fumo, vidros fechados, AC ligado",0
423,66-ZZ-66,41.5608 -8.3968,2020-11-25 12:47:25,4.4,6.7,21.4727734375,56939,35.28671340450041,973.5708931267243,335.7203904574359,"Não existência de fumo, vidros fechados, AC ligado",0
422,66-ZZ-66,41.5608 -8.3968,2020-11-25 12:47:15,4.0,6.1,21.4376171875,56573,35.64887680278152,973.4586347772787,336.68578834583815,"Não existência de fumo, vidros fechados, AC ligado",0
421,66-ZZ-66,41.5608 -8.3968,2020-11-25 12:47:04,3.8,6.5,21.4016796875,56537,35.825611785455195,973.250315608038,338.4775276946928,"Não existência de fumo, vidros fechados, AC ligado",0
420,66-ZZ-66,41.5608 -8.3968,2020-11-25 12:46:54,3.7,6.4,21.3665234375,55644,36.568327732991605,972.9654585224774,340.92806727487414,"Não existência de fumo, vidros fechados, AC ligado",0
419,66-ZZ-66,41.5608 -8.3968,2020-11-25 12:46:43,3.7,6.3,21.3368359375,55539,36.933978784756356,972.6727385945238,343.44685378363596,"Não existência de fumo, vidros fechados, AC ligado",0
418,66-ZZ-66,41.5608 -8.3968,2020-11-25 12:46:31,3.5,5.7,21.3169140625,55399,37.03162413697495,972.4266263049648,345.5650674662853,"Não existência de fumo, vidros fechados, AC ligado",0
417,66-ZZ-66,41.5608 -8.3968,2020-11-25 12:46:20,3.5,6.2,21.3137890625,55226,37.62434649391087,972.1964096260897,347.546865426983,"Não existência de fumo, vidros fechados, AC ligado",0
416,66-ZZ-66,41.5608 -8.3968,2020-11-25 12:46:10,3.5,6.2,21.306171875,54814,37.75895403022297,972.1026145144892,348.35440049713475,"Não existência de fumo, vidros fechados, AC ligado",0
415,66-ZZ-66,41.5608 -8.3968,2020-11-25 12:45:58,3.0,5.0,21.30265625,55122,37.58206827765405,972.1035806297082,348.34608234420784,"Não existência de fumo, vidros fechados, AC ligado",0
414,66-ZZ-66,41.5608 -8.3968,2020-11-25 12:45:47,2.5,3.9,21.3118359375,54950,37.34203367943994,972.1813407796405,347.67659738018716,"Não existência de fumo, vidros fechados, AC ligado",0
413,66-ZZ-66,41.5608 -8.3968,2020-11-25 12:45:37,2.0,4.2,21.31828125,54712,37.795491554478915,972.3019702326415,346.6381100135195,"Não existência de fumo, vidros fechados, AC ligado",0
412,66-ZZ-66,41.5608 -8.3968,2020-11-25 12:45:26,1.9,4.5,21.3175,54274,38.02527154378351,972.491896512299,345.00326433630204,"Não existência de fumo, vidros fechados, AC ligado",0
411,66-ZZ-66,41.5608 -8.3968,2020-11-25 12:45:15,1.5,3.8,21.3133984375,54074,38.320046336804126,972.7135686222034,343.0954841146183,"Não existência de fumo, vidros fechados, AC ligado",0
410,66-ZZ-66,41.5608 -8.3968,2020-11-25 12:45:04,1.2,3.7,21.3040234375,53974,38.70367263723481,972.9028385836478,341.46684560579985,"Não existência de fumo, vidros fechados, AC ligado",0
409,66-ZZ-66,41.5608 -8.3968,2020-11-25 12:44:54,1.0,2.8,21.29171875,53613,38.96327857847006,973.259863816503,338.39539739739695,"Não existência de fumo, vidros fechados, AC ligado",0
408,66-ZZ-66,41.5608 -8.3968,2020-11-25 12:44:43,1.1,3.2,21.2755078125,53386,39.05064836483473,973.6544182091595,335.00215102193175,"Não existência de fumo, vidros fechados, AC ligado",0
407,66-ZZ-66,41.5608 -8.3968,2020-11-25 12:44:31,1.0,1.9,21.2532421875,53548,39.20873522644214,974.0051025716332,331.9871300827331,"Não existência de fumo, vidros fechados, AC ligado",0
406,66-ZZ-66,41.5608 -8.3968,2020-11-25 12:44:21,1.1,1.7,21.2175,53418,39.44292766749239,974.2810188428714,329.61554817182486,"Não existência de fumo, vidros fechados, AC ligado",0
405,66-ZZ-66,41.5608 -8.3968,2020-11-25 12:44:10,1.1,2.3,21.17296875,52715,39.73613916330299,974.4780658580947,327.922203672766,"Não existência de fumo, vidros fechados, AC ligado",0
404,66-ZZ-66,41.5608 -8.3968,2020-11-25 12:43:59,1.2,2.7,21.1204296875,51908,40.034995684378735,974.6009215872851,326.86657019933085,"Não existência de fumo, vidros fechados, AC ligado",0
403,66-ZZ-66,41.5608 -8.3968,2020-11-25 12:43:48,1.2,2.7,21.0532421875,51483,39.64032973020525,974.6538276019725,326.41201034444697,"Não existência de fumo, vidros fechados, AC ligado",0
402,66-ZZ-66,41.5608 -8.3968,2020-11-25 12:43:37,1.2,2.0,20.979609375,49881,40.032283864592735,974.608080793514,326.8050582974229,"Não existência de fumo, vidros fechados, AC ligado",0
401,66-ZZ-66,41.5608 -8.3968,2020-11-25 12:43:21,1.1,1.8,20.8989453125,52558,40.11944688584581,974.5540661132768,327.2691614782938,"Não existência de fumo, vidros fechados, AC ligado",0
400,66-ZZ-66,41.5608 -8.3968,2020-11-25 12:43:10,1.1,2.2,20.8114453125,52495,40.22385946113285,974.4954864059926,327.7725116794765,"Não existência de fumo, vidros fechados, AC ligado",0
399,66-ZZ-66,41.5608 -8.3968,2020-11-25 12:42:59,1.1,2.1,20.718671875,51755,40.297873532282466,974.4095631867326,328.51085722974153,"Não existência de fumo, vidros fechados, AC ligado",0
398,66-ZZ-66,41.5608 -8.3968,2020-11-25 12:42:48,1.0,1.7,20.59953125,50250,40.63251173666887,974.570735467237,327.12593337473857,"Não existência de fumo, vidros fechados, AC ligado",0
397,66-ZZ-66,41.5608 -8.3968,2020-11-25 12:42:36,0.9,1.3,20.471015625,48749,40.738859078326236,974.6942905680953,326.0643726176213,"Não existência de fumo, vidros fechados, AC ligado",0
396,66-ZZ-66,41.5608 -8.3968,2020-11-25 12:42:24,1.0,1.3,20.324921875,43670,40.95736597826555,974.8376093049374,324.83314313320545,"Não existência de fumo, vidros fechados, AC ligado",0
395,66-ZZ-66,41.5608 -8.3968,2020-11-25 12:42:00,1.1,1.8,20.151875,50079,41.49794130863388,974.9394881154508,323.95800687884156,"Não existência de fumo, vidros fechados, AC ligado",0
394,66-ZZ-66,41.5608 -8.3968,2020-11-25 12:41:42,1.2,3.1,20.0110546875,53032,41.8926722512807,974.9983321226647,323.4525721675514,"Não existência de fumo, vidros fechados, AC ligado",0
393,66-ZZ-66,41.5608 -8.3968,2020-11-25 12:41:30,1.2,3.0,19.864765625,53225,42.154687811027514,974.939935117765,323.95416730409266,"Não existência de fumo, vidros fechados, AC ligado",0
392,66-ZZ-66,41.5608 -8.3968,2020-11-25 12:41:19,1.0,2.8,19.7065625,52464,42.240422566427526,974.8870446915427,324.4084852377017,"Não existência de fumo, vidros fechados, AC ligado",0
391,66-ZZ-66,41.5608 -8.3968,2020-11-25 12:41:03,1.1,4.3,19.54953125,55891,42.41095957223643,974.9018350336148,324.2814372170529,"Não existência de fumo, vidros fechados, AC ligado",0
390,66-ZZ-66,41.5608 -8.3968,2020-11-25 12:40:53,1.2,3.8,19.420234375,55539,42.657264932767745,975.0671192973375,322.8617629259189,"Não existência de fumo, vidros fechados, AC ligado",0
389,66-ZZ-66,41.5608 -8.3968,2020-11-25 12:40:42,1.1,2.4,19.301875,55504,42.917183031945186,975.2116092204653,321.62085684919055,"Não existência de fumo, vidros fechados, AC ligado",0
388,66-ZZ-66,41.5608 -8.3968,2020-11-25 12:40:31,1.1,1.9,19.1675,55821,43.24859568481778,975.3378444025283,320.5368476899561,"Não existência de fumo, vidros fechados, AC ligado",0
387,66-ZZ-66,41.5608 -8.3968,2020-11-25 12:40:20,1.1,2.8,19.0235546875,55785,43.4700036370051,975.3873575663861,320.1116983235365,"Não existência de fumo, vidros fechados, AC ligado",0
386,66-ZZ-66,41.5608 -8.3968,2020-11-25 12:40:10,1.2,2.7,18.8778515625,55750,43.849859436237836,975.376519855774,320.20475583539815,"Não existência de fumo, vidros fechados, AC ligado",0
385,66-ZZ-66,41.5608 -8.3968,2020-11-25 12:39:59,1.3,2.5,18.71984375,55785,44.1924604500268,975.35696721945,320.37264578039594,"Não existência de fumo, vidros fechados, AC ligado",0
384,66-ZZ-66,41.5608 -8.3968,2020-11-25 12:39:48,1.4,3.6,18.5626171875,55750,44.75001410114601,975.368946205598,320.26978713695974,"Não existência de fumo, vidros fechados, AC ligado",0
383,66-ZZ-66,41.5608 -8.3968,2020-11-25 12:39:37,1.4,3.5,18.4005078125,55679,45.16740114664623,975.3727043641665,320.23751758073047,"Não existência de fumo, vidros fechados, AC ligado",0
382,66-ZZ-66,41.5608 -8.3968,2020-11-25 12:39:26,1.2,3.0,18.2438671875,55962,45.91894943181899,975.3685888739041,320.27285538293324,"Não existência de fumo, vidros fechados, AC ligado",0
381,66-ZZ-66,41.5608 -8.3968,2020-11-25 12:39:15,1.2,2.1,18.0833203125,55019,46.60502434630446,975.3814548870254,320.162381309005,"Não existência de fumo, vidros fechados, AC ligado",0
380,66-ZZ-66,41.5608 -8.3968,2020-11-25 12:39:04,1.2,2.2,17.9128125,55019,47.25519425544884,975.4786573365955,319.32779020956286,"Não existência de fumo, vidros fechados, AC ligado",0
379,66-ZZ-66,41.5608 -8.3968,2020-11-25 12:38:53,1.4,2.3,17.73625,54441,47.76978243150259,975.5841323735795,318.4222459239763,"Não existência de fumo, vidros fechados, AC ligado",0
378,66-ZZ-66,41.5608 -8.3968,2020-11-25 12:38:42,1.4,2.2,17.5618359375,53192,48.36719748003289,975.6845757365439,317.55997420672384,"Não existência de fumo, vidros fechados, AC ligado",0
377,66-ZZ-66,41.5608 -8.3968,2020-11-25 12:38:26,1.5,2.4,17.3966015625,56646,49.080432973497075,975.7614137090604,316.9003951674741,"Não existência de fumo, vidros fechados, AC ligado",0
376,66-ZZ-66,41.5608 -8.3968,2020-11-25 12:38:15,1.6,2.6,17.23078125,56902,49.6199943847363,975.8623450965523,316.0340615640922,"Não existência de fumo, vidros fechados, AC ligado",0
375,66-ZZ-66,41.5608 -8.3968,2020-11-25 12:38:05,1.6,2.6,17.0563671875,56755,49.8510761848101,975.9824310987611,315.00341091161386,"Não existência de fumo, vidros fechados, AC ligado",0
374,66-ZZ-66,41.5608 -8.3968,2020-11-25 12:37:54,1.5,2.5,16.8801953125,56755,50.1074164746406,976.0523358915119,314.4034930116053,"Não existência de fumo, vidros fechados, AC ligado",0
373,66-ZZ-66,41.5608 -8.3968,2020-11-25 12:37:43,1.6,2.7,16.679609375,56828,50.54435787143635,976.1066285827552,313.9375810452914,"Não existência de fumo, vidros fechados, AC ligado",0
372,66-ZZ-66,41.5608 -8.3968,2020-11-25 12:37:33,1.8,3.7,16.4473828125,57234,51.0417712463606,976.1013085768225,313.9832336740605,"Não existência de fumo, vidros fechados, AC ligado",0
371,66-ZZ-66,41.5608 -8.3968,2020-11-25 12:37:22,2.1,3.8,16.195234375,57384,51.804983041299494,976.055865250214,314.37320523183195,"Não existência de fumo, vidros fechados, AC ligado",0
370,66-ZZ-66,41.5608 -8.3968,2020-11-25 12:37:11,2.2,4.7,15.9286328125,57684,52.441612234311854,975.9441537470708,315.3319191302108,"Não existência de fumo, vidros fechados, AC ligado",0
369,66-ZZ-66,41.5608 -8.3968,2020-11-25 12:37:00,2.1,5.4,15.656171875,57609,52.95784848690059,975.8124053481504,316.4627049026078,"Não existência de fumo, vidros fechados, AC ligado",0
368,66-ZZ-66,41.5608 -8.3968,2020-11-25 12:36:50,2.0,5.5,15.403046875,57760,53.50338730527202,975.6606907827213,317.7650118046763,"Não existência de fumo, vidros fechados, AC ligado",0
367,66-ZZ-66,41.5608 -8.3968,2020-11-25 12:36:39,1.9,5.2,15.1333203125,57797,54.33803480038702,975.5632884283378,318.60119302954945,"Não existência de fumo, vidros fechados, AC ligado",0
366,66-ZZ-66,41.5608 -8.3968,2020-11-25 12:36:28,2.0,4.2,14.868671875,57797,54.227842181523435,975.5914008456388,318.3598461792025,"Não existência de fumo, vidros fechados, AC ligado",0
365,66-ZZ-66,41.5608 -8.3968,2020-11-25 12:36:17,2.2,4.1,14.649140625,57458,54.59366771744086,975.6743254603799,317.64796600809296,"Não existência de fumo, vidros fechados, AC ligado",0
364,66-ZZ-66,41.5608 -8.3968,2020-11-25 12:36:07,2.2,4.3,14.43546875,56141,54.638066450810214,975.7567154368854,316.94072404381734,"Não existência de fumo, vidros fechados, AC ligado",0
363,66-ZZ-66,41.5608 -8.3968,2020-11-25 12:35:51,2.5,4.8,14.2378125,59395,55.08484361422755,975.8756198533484,315.9201245294284,"Não existência de fumo, vidros fechados, AC ligado",0
362,66-ZZ-66,41.5608 -8.3968,2020-11-25 12:35:40,2.4,5.8,14.0966015625,59676,55.371252722564655,975.9931091867054,314.91177007809847,"Não existência de fumo, vidros fechados, AC ligado",0
361,66-ZZ-66,41.5608 -8.3968,2020-11-25 12:35:28,2.6,5.0,13.9809765625,59636,55.602916944171156,976.1498274252903,313.56688577529843,"Não existência de fumo, vidros fechados, AC ligado",0
360,66-ZZ-66,41.5608 -8.3968,2020-11-25 12:35:17,2.8,5.0,13.8966015625,60247,55.9490827486881,976.1628854733534,313.4548354649637,"Não existência de fumo, vidros fechados, AC ligado",0
359,66-ZZ-66,41.5608 -8.3968,2020-11-25 12:35:06,3.0,5.0,13.84171875,59960,55.9811439385094,976.1548969581585,313.5233842802491,"Não existência de fumo, vidros fechados, AC ligado",0
358,66-ZZ-66,41.5608 -8.3968,2020-11-25 12:34:55,3.1,5.0,13.8137890625,59475,56.08804139766288,976.1433924722897,313.6221041591211,"Não existência de fumo, vidros fechados, AC ligado",0
357,66-ZZ-66,41.5608 -8.3968,2020-11-25 12:34:44,3.3,5.3,13.8126171875,59076,56.341420374248244,976.0511119527786,314.41399646649114,"Não existência de fumo, vidros fechados, AC ligado",0
356,66-ZZ-66,41.5608 -8.3968,2020-11-25 12:34:33,3.6,6.0,13.82609375,57496,56.427707398886085,975.8277249386837,316.3312117541971,"Não existência de fumo, vidros fechados, AC ligado",0
355,66-ZZ-66,41.5608 -8.3968,2020-11-25 12:34:22,4.0,6.6,13.84484375,55226,55.99452244125342,975.5495659564623,318.7190033490429,"Não existência de fumo, vidros fechados, AC ligado",0
354,66-ZZ-66,41.5608 -8.3968,2020-11-25 12:34:02,4.3,6.4,13.87609375,60165,55.30492541151982,975.220313786517,321.54610518686445,"Não existência de fumo, vidros fechados, AC ligado",0
353,66-ZZ-66,41.5608 -8.3968,2020-11-25 12:33:51,5.6,8.3,13.9110546875,59798,55.23165707308294,975.0026066187004,323.4158577738866,"Não existência de fumo, vidros fechados, AC ligado",0
352,66-ZZ-66,41.5608 -8.3968,2020-11-25 12:33:40,6.0,8.7,13.9532421875,58800,55.68370864164604,974.7534232912127,325.55635461884987,"Não existência de fumo, vidros fechados, AC ligado",0
351,66-ZZ-66,41.5608 -8.3968,2020-11-25 12:33:29,6.9,9.6,13.98703125,57123,56.08385565932561,974.6307390178669,326.61038123878893,"Não existência de fumo, vidros fechados, AC ligado",0
350,66-ZZ-66,41.5608 -8.3968,2020-11-25 12:33:13,8.0,10.6,14.009296875,59515,56.2881919669295,974.5841984065988,327.01025719790823,"Não existência de fumo, vidros fechados, AC ligado",0
349,66-ZZ-66,41.5608 -8.3968,2020-11-25 12:33:02,8.6,10.9,14.0255078125,59435,56.654855668419096,974.5275615598947,327.49690065837746,"Não existência de fumo, vidros fechados, AC ligado",0
348,66-ZZ-66,41.5608 -8.3968,2020-11-25 12:32:51,9.7,11.4,14.0419140625,59355,57.12024824752605,974.5147487395734,327.60699603761407,"Não existência de fumo, vidros fechados, AC ligado",0
347,66-ZZ-66,41.5608 -8.3968,2020-11-25 12:32:40,10.6,12.5,14.0649609375,58644,57.443616972016855,974.6267809710346,326.64438809289186,"Não existência de fumo, vidros fechados, AC ligado",0
346,66-ZZ-66,41.5608 -8.3968,2020-11-25 12:32:30,11.0,12.7,14.1083203125,58488,57.50809968232044,974.7961051506614,325.1896839368586,"Não existência de fumo, vidros fechados, AC ligado",0
345,66-ZZ-66,41.5608 -8.3968,2020-11-25 12:32:19,10.8,12.7,14.1774609375,57346,57.3991609189352,974.9632406565792,323.75398383090624,"Não existência de fumo, vidros fechados, AC ligado",0
344,66-ZZ-66,41.5608 -8.3968,2020-11-25 12:32:08,10.9,12.3,14.2721875,55295,56.96026525055444,975.0173871743369,323.2889060022384,"Não existência de fumo, vidros fechados, AC ligado",0
343,66-ZZ-66,41.5608 -8.3968,2020-11-25 12:31:52,11.3,13.1,14.386640625,58644,55.77707231173034,975.0424531317601,323.0736153777075,"Não existência de fumo, vidros fechados, AC ligado",0
342,66-ZZ-66,41.5608 -8.3968,2020-11-25 12:31:41,11.5,12.9,14.5096875,57684,55.701743427383335,974.9679345406615,323.7136660720664,"Não existência de fumo, vidros fechados, AC ligado",0
341,66-ZZ-66,41.5608 -8.3968,2020-11-25 12:31:31,11.5,12.8,14.6231640625,56320,56.40512396914599,974.8589546906962,324.6497807088499,"Não existência de fumo, vidros fechados, AC ligado",0
340,66-ZZ-66,41.5608 -8.3968,2020-11-25 12:31:20,11.6,13.0,14.724140625,54173,57.68588833303082,974.7056092549229,325.9671301683802,"Não existência de fumo, vidros fechados, AC ligado",0
339,66-ZZ-66,41.5608 -8.3968,2020-11-25 12:31:04,11.6,13.3,14.8157421875,56141,60.37904226866205,974.5047311411766,327.6930740225854,"Não existência de fumo, vidros fechados, AC ligado",0
338,66-ZZ-66,41.5608 -8.3968,2020-11-25 12:30:53,12.1,13.9,14.8985546875,55399,61.63779385863658,974.270699447577,329.70423663491636,"Não existência de fumo, vidros fechados, AC ligado",0
337,66-ZZ-66,41.5608 -8.3968,2020-11-25 12:30:42,12.2,13.9,14.97921875,55399,60.72721650590555,974.1905113285155,330.3934270689021,"Não existência de fumo, vidros fechados, AC ligado",0
336,66-ZZ-66,41.5608 -8.3968,2020-11-25 12:30:32,12.1,13.5,15.0659375,55434,59.66239083224532,974.1488411978788,330.7515862341098,"Não existência de fumo, vidros fechados, AC ligado",0
335,66-ZZ-66,41.5608 -8.3968,2020-11-25 12:30:21,12.1,14.1,15.1563671875,55226,58.39285315165952,974.1099509590506,331.0858631277139,"Não existência de fumo, vidros fechados, AC ligado",0
334,66-ZZ-66,41.5608 -8.3968,2020-11-25 12:30:11,12.4,14.3,15.2409375,55157,56.458062372203145,974.1014966824868,331.1585323887033,"Não existência de fumo, vidros fechados, AC ligado",0
333,66-ZZ-66,41.5608 -8.3968,2020-11-25 12:30:00,12.5,15.4,15.3298046875,54985,55.31905847342097,974.105188343146,331.126800426669,"Não existência de fumo, vidros fechados, AC ligado",0
332,66-ZZ-66,41.5608 -8.3968,2020-11-25 12:29:49,12.6,16.4,15.403046875,54041,55.516357206170966,974.0912365083708,331.246725040592,"Não existência de fumo, vidros fechados, AC ligado",0
331,66-ZZ-66,41.5608 -8.3968,2020-11-25 12:29:37,12.3,17.3,15.4501171875,53908,55.704073098360524,974.1091797720313,331.09249189262334,"Não existência de fumo, vidros fechados, AC ligado",0
330,66-ZZ-66,41.5608 -8.3968,2020-11-25 12:29:26,12.1,15.8,15.463984375,53353,56.12842041702128,974.1138036563356,331.05274719752316,"Não existência de fumo, vidros fechados, AC ligado",0
329,66-ZZ-66,41.5608 -8.3968,2020-11-25 12:29:15,12.1,16.1,15.45421875,52873,57.53824759332739,974.1176800039927,331.01942808715484,"Não existência de fumo, vidros fechados, AC ligado",0
328,66-ZZ-66,41.5608 -8.3968,2020-11-25 12:29:03,11.9,14.6,15.40265625,52621,57.23670652679952,974.1224443150678,330.9784766425178,"Não existência de fumo, vidros fechados, AC ligado",0
327,66-ZZ-66,41.5608 -8.3968,2020-11-25 12:28:52,11.3,13.8,15.3133984375,53613,56.148193251433824,974.1214804524756,330.9867614716618,"Não existência de fumo, vidros fechados, AC ligado",0
326,66-ZZ-66,41.5608 -8.3968,2020-11-25 12:28:41,10.9,13.1,15.234296875,53225,56.392037312352755,974.1239726783381,330.9653396917214,"Não existência de fumo, vidros fechados, AC ligado",0
325,66-ZZ-66,41.5608 -8.3968,2020-11-25 12:28:30,10.5,13.0,15.167109375,52778,56.761697328437776,974.121122572279,330.98983761335853,"Não existência de fumo, vidros fechados, AC ligado",0
324,66-ZZ-66,41.5608 -8.3968,2020-11-25 12:28:19,10.3,13.5,15.092890625,52589,57.131126963356984,974.1216356381747,330.985427580872,"Não existência de fumo, vidros fechados, AC ligado",0
323,66-ZZ-66,41.5608 -8.3968,2020-11-25 12:28:07,10.2,12.9,15.01828125,52433,57.573273537460146,974.1147721456658,331.04442254639616,"Não existência de fumo, vidros fechados, AC ligado",0
322,66-ZZ-66,41.5608 -8.3968,2020-11-25 12:27:56,10.4,13.6,14.9466015625,52969,57.970785008932765,974.1077362700129,331.1048995759688,"Não existência de fumo, vidros fechados, AC ligado",0
321,66-ZZ-66,41.5608 -8.3968,2020-11-25 12:27:44,10.8,14.6,14.876484375,52371,59.14749787025155,974.1032809385729,331.1431956618217,"Não existência de fumo, vidros fechados, AC ligado",0
320,66-ZZ-66,41.5608 -8.3968,2020-11-25 12:27:33,10.6,14.8,14.7962109375,52558,58.67490670615249,974.1020006240982,331.15420071286957,"Não existência de fumo, vidros fechados, AC ligado",0
319,66-ZZ-66,41.5608 -8.3968,2020-11-25 12:27:22,10.5,14.8,14.7440625,52778,58.378261476918404,974.1073163635474,331.10850890274963,"Não existência de fumo, vidros fechados, AC ligado",0
318,66-ZZ-66,41.5608 -8.3968,2020-11-25 12:27:11,9.6,13.7,14.7122265625,52464,58.868296725106035,974.1062395705521,331.117764535926,"Não existência de fumo, vidros fechados, AC ligado",0
317,66-ZZ-66,41.5608 -8.3968,2020-11-25 12:27:00,9.9,13.8,14.681953125,52154,59.32668662106286,974.1077599259722,331.1046962400367,"Não existência de fumo, vidros fechados, AC ligado",0
316,66-ZZ-66,41.5608 -8.3968,2020-11-25 12:26:49,9.7,13.7,14.653828125,51877,60.19783383613059,974.1145279699053,331.04652135878655,"Não existência de fumo, vidros fechados, AC ligado",0
315,66-ZZ-66,41.5608 -8.3968,2020-11-25 12:26:38,9.7,13.4,14.626875,51664,59.01545658338909,974.1282672540583,330.9284260243498,"Não existência de fumo, vidros fechados, AC ligado",0
314,66-ZZ-66,41.5608 -8.3968,2020-11-25 12:26:27,9.7,12.7,14.606171875,52308,58.55772436715657,974.1390118932503,330.83607195167315,"Não existência de fumo, vidros fechados, AC ligado",0
313,66-ZZ-66,41.5608 -8.3968,2020-11-25 12:26:16,10.0,14.1,14.6044140625,51847,57.62448547607959,974.1427835595551,330.803653306769,"Não existência de fumo, vidros fechados, AC ligado",0
312,66-ZZ-66,41.5608 -8.3968,2020-11-25 12:26:04,10.1,14.8,14.6184765625,52371,57.66563750018621,974.1310305638879,330.9046742948769,"Não existência de fumo, vidros fechados, AC ligado",0
311,66-ZZ-66,41.5608 -8.3968,2020-11-25 12:25:53,10.0,15.0,14.6426953125,52184,57.4001572817683,974.127812481734,330.93233497568735,"Não existência de fumo, vidros fechados, AC ligado",0
310,66-ZZ-66,41.5608 -8.3968,2020-11-25 12:25:43,9.6,13.4,14.67140625,51634,56.75678228971762,974.132070805765,330.8957330229566,"Não existência de fumo, vidros fechados, AC ligado",0
309,66-ZZ-66,41.5608 -8.3968,2020-11-25 12:25:31,9.5,12.7,14.7184765625,51453,55.870925797570266,974.1266942346633,330.9419467660509,"Não existência de fumo, vidros fechados, AC ligado",0
308,66-ZZ-66,41.5608 -8.3968,2020-11-25 12:25:20,9.2,13.2,14.78546875,50801,55.34106842101512,974.1259959383319,330.94794891279946,"Não existência de fumo, vidros fechados, AC ligado",0
307,66-ZZ-66,41.5608 -8.3968,2020-11-25 12:25:09,9.2,14.2,14.8860546875,49322,54.68771007745836,974.1259126163397,330.94866510012844,"Não existência de fumo, vidros fechados, AC ligado",0
306,66-ZZ-66,41.5608 -8.3968,2020-11-25 12:24:52,8.7,13.4,15.0094921875,51483,54.57405764806905,974.1219282593222,330.9829123711347,"Não existência de fumo, vidros fechados, AC ligado",0
305,66-ZZ-66,41.5608 -8.3968,2020-11-25 12:24:41,8.5,12.3,15.14875,51125,54.99197662142909,974.1123597812084,331.0651580402427,"Não existência de fumo, vidros fechados, AC ligado",0
304,66-ZZ-66,41.5608 -8.3968,2020-11-25 12:24:30,8.4,11.9,15.30109375,49768,55.97098245124528,974.1010073977159,331.1627380820743,"Não existência de fumo, vidros fechados, AC ligado",0
303,66-ZZ-66,41.5608 -8.3968,2020-11-25 12:24:19,8.3,12.5,15.4700390625,48032,57.186548398714095,974.1020765127817,331.15354840496167,"Não existência de fumo, vidros fechados, AC ligado",0
302,66-ZZ-66,41.5608 -8.3968,2020-11-25 12:24:08,7.8,12.3,15.656171875,44284,58.37313209879552,974.0947097621689,331.21687015472764,"Não existência de fumo, vidros fechados, AC ligado",0
301,66-ZZ-66,41.5608 -8.3968,2020-11-25 12:23:52,7.2,12.0,15.874921875,48242,57.37687199776469,974.0810245539731,331.33450396053,"Não existência de fumo, vidros fechados, AC ligado",0
300,66-ZZ-66,41.5608 -8.3968,2020-11-25 12:23:41,7.0,11.8,16.119453125,45471,57.408905825379925,974.0579499273989,331.532849325363,"Não existência de fumo, vidros fechados, AC ligado",0
299,66-ZZ-66,41.5608 -8.3968,2020-11-25 12:23:30,6.1,11.6,16.38546875,45284,57.10959453358488,974.0384021817085,331.7008812293377,"Não existência de fumo, vidros fechados, AC ligado",0
298,66-ZZ-66,41.5608 -8.3968,2020-11-25 12:23:19,5.9,11.5,16.6606640625,44151,57.38828654890917,973.9951472126999,332.0727095026936,"Não existência de fumo, vidros fechados, AC ligado",0
297,66-ZZ-66,41.5608 -8.3968,2020-11-25 12:23:08,5.8,11.2,16.9440625,43242,56.234959944076536,974.0021326567387,332.01266033811993,"Não existência de fumo, vidros fechados, AC ligado",0
296,66-ZZ-66,41.5608 -8.3968,2020-11-25 12:22:57,6.0,11.5,17.2544140625,42288,54.26328322901133,973.9997258044664,332.0333503890814,"Não existência de fumo, vidros fechados, AC ligado",0
295,66-ZZ-66,41.5608 -8.3968,2020-11-25 12:22:46,6.1,10.7,17.589375,41337,54.04132485861065,974.007469571502,331.96678270604167,"Não existência de fumo, vidros fechados, AC ligado",0
294,66-ZZ-66,41.5608 -8.3968,2020-11-25 12:22:36,8.0,12.7,17.921015625,39381,55.15168330168699,974.0075486101251,331.96610326916766,"Não existência de fumo, vidros fechados, AC ligado",0
293,66-ZZ-66,41.5608 -8.3968,2020-11-25 12:13:58,3.8,8.6,13.44640625,49994,64.15072250781452,974.1075242823046,331.10672172663317,"Não existência de fumo, vidros fechados, AC desligado",0
292,66-ZZ-66,41.5608 -8.3968,2020-11-25 12:13:47,3.5,6.9,13.4411328125,49994,63.95381459407365,974.1137781601408,331.05296635018425,"Não existência de fumo, vidros fechados, AC desligado",0
291,66-ZZ-66,41.5608 -8.3968,2020-11-25 12:13:36,3.2,7.0,13.4360546875,49796,63.899029911610384,974.1186858331861,331.01078250918476,"Não existência de fumo, vidros fechados, AC desligado",0
290,66-ZZ-66,41.5608 -8.3968,2020-11-25 12:13:25,3.3,7.1,13.43390625,49656,63.763586006089284,974.1184476440358,331.012829857011,"Não existência de fumo, vidros fechados, AC desligado",0
289,66-ZZ-66,41.5608 -8.3968,2020-11-25 12:13:14,3.4,9.0,13.4325390625,49433,63.824203210247504,974.1211832790858,330.98931581091045,"Não existência de fumo, vidros fechados, AC desligado",0
288,66-ZZ-66,41.5608 -8.3968,2020-11-25 12:13:03,3.6,9.8,13.43,49433,63.72927601168997,974.1286516095945,330.9251223348228,"Não existência de fumo, vidros fechados, AC desligado",0
287,66-ZZ-66,41.5608 -8.3968,2020-11-25 12:12:52,3.8,9.6,13.428828125,49130,63.71560741643934,974.1317127629541,330.8988105353045,"Não existência de fumo, vidros fechados, AC desligado",0
286,66-ZZ-66,41.5608 -8.3968,2020-11-25 12:12:42,3.8,8.0,13.4274609375,48857,63.67490256309375,974.1377913909605,330.84656257020487,"Não existência de fumo, vidros fechados, AC desligado",0
285,66-ZZ-66,41.5608 -8.3968,2020-11-25 12:12:31,3.8,8.3,13.4266796875,48454,63.52630288021131,974.1431752026034,330.80028701879024,"Não existência de fumo, vidros fechados, AC desligado",0
284,66-ZZ-66,41.5608 -8.3968,2020-11-25 12:12:19,3.8,9.0,13.4266796875,48776,63.44535306915443,974.1431752026034,330.80028701879024,"Não existência de fumo, vidros fechados, AC desligado",0
283,66-ZZ-66,41.5608 -8.3968,2020-11-25 12:12:08,3.9,9.1,13.4284375,48615,63.459083391661096,974.1527916077615,330.7176315124987,"Não existência de fumo, vidros fechados, AC desligado",0
282,66-ZZ-66,41.5608 -8.3968,2020-11-25 12:11:57,3.6,7.9,13.431953125,48401,63.311230503297985,974.1569806050134,330.68162619694874,"Não existência de fumo, vidros fechados, AC desligado",0
281,66-ZZ-66,41.5608 -8.3968,2020-11-25 12:11:46,3.5,8.0,13.43390625,48058,63.190213770386876,974.1535502488882,330.7111108225899,"Não existência de fumo, vidros fechados, AC desligado",0
280,66-ZZ-66,41.5608 -8.3968,2020-11-25 12:11:35,3.7,7.9,13.440546875,47617,63.09010605775875,974.1529191294775,330.7165354345838,"Não existência de fumo, vidros fechados, AC desligado",0
279,66-ZZ-66,41.5608 -8.3968,2020-11-25 12:11:23,3.8,8.0,13.44796875,47953,62.976695336466264,974.1569333087402,330.6820327176996,"Não existência de fumo, vidros fechados, AC desligado",0
278,66-ZZ-66,41.5608 -8.3968,2020-11-25 12:11:12,3.7,8.8,13.4563671875,47617,62.843305745041974,974.1558887943289,330.69101052814995,"Não existência de fumo, vidros fechados, AC desligado",0
277,66-ZZ-66,41.5608 -8.3968,2020-11-25 12:11:02,3.5,9.1,13.4641796875,45612,62.65617005484972,974.1555388622791,330.69401826590774,"Não existência de fumo, vidros fechados, AC desligado",0
276,66-ZZ-66,41.5608 -8.3968,2020-11-25 12:10:51,3.6,9.2,13.47609375,45331,62.590616400638005,974.1586823620573,330.6669992717732,"Não existência de fumo, vidros fechados, AC desligado",0
275,66-ZZ-66,41.5608 -8.3968,2020-11-25 12:10:40,4.0,9.0,13.4919140625,45099,62.411507112951924,974.1633216528406,330.6271237909812,"Não existência de fumo, vidros fechados, AC desligado",0
274,66-ZZ-66,41.5608 -8.3968,2020-11-25 12:10:29,3.9,9.7,13.5087109375,45191,62.25950466070213,974.1595574331487,330.6594778775122,"Não existência de fumo, vidros fechados, AC desligado",0
273,66-ZZ-66,41.5608 -8.3968,2020-11-25 12:10:18,3.8,8.0,13.5317578125,44642,62.155365443323376,974.1712250479685,330.5591931411095,"Não existência de fumo, vidros fechados, AC desligado",0
272,66-ZZ-66,41.5608 -8.3968,2020-11-25 12:10:07,3.8,7.7,13.55890625,44239,61.77738165781993,974.1746809632465,330.5294892659105,"Não existência de fumo, vidros fechados, AC desligado",0
271,66-ZZ-66,41.5608 -8.3968,2020-11-25 12:09:57,3.7,7.3,13.59328125,43931,61.52796719079254,974.1834912754151,330.45376429640703,"Não existência de fumo, vidros fechados, AC desligado",0
270,66-ZZ-66,41.5608 -8.3968,2020-11-25 12:09:46,3.7,8.4,13.6313671875,43670,61.39282146259987,974.1901223100681,330.39677066610244,"Não existência de fumo, vidros fechados, AC desligado",0
269,66-ZZ-66,41.5608 -8.3968,2020-11-25 12:09:35,3.8,8.4,13.6766796875,43073,61.35884137521049,974.1987591740478,330.3225374377801,"Não existência de fumo, vidros fechados, AC desligado",0
268,66-ZZ-66,41.5608 -8.3968,2020-11-25 12:09:24,3.7,7.8,13.729609375,42574,61.19910340278142,974.2000154328671,330.3117400274468,"Não existência de fumo, vidros fechados, AC desligado",0
267,66-ZZ-66,41.5608 -8.3968,2020-11-25 12:09:13,3.7,10.0,13.789765625,41926,60.820601277674974,974.198250652331,330.32690813080893,"Não existência de fumo, vidros fechados, AC desligado",0
266,66-ZZ-66,41.5608 -8.3968,2020-11-25 12:09:03,3.7,10.5,13.8649609375,41029,60.59105699450725,974.2031314902608,330.28495789573884,"Não existência de fumo, vidros fechados, AC desligado",0
265,66-ZZ-66,41.5608 -8.3968,2020-11-25 12:08:52,3.5,8.6,13.961640625,39952,60.32475330088775,974.2036374096493,330.280609587093,"Não existência de fumo, vidros fechados, AC desligado",0
264,66-ZZ-66,41.5608 -8.3968,2020-11-25 12:08:36,3.7,16.1,14.0801953125,41029,59.69050313380371,974.2020639997337,330.2941328382832,"Não existência de fumo, vidros fechados, AC desligado",0
263,66-ZZ-66,41.5608 -8.3968,2020-11-25 12:08:24,3.7,16.2,14.22140625,40726,59.10737817514607,974.2113935873473,330.21394651882133,"Não existência de fumo, vidros fechados, AC desligado",0
262,66-ZZ-66,41.5608 -8.3968,2020-11-25 12:08:13,3.5,7.2,14.388203125,40428,58.40415844046829,974.2113622067446,330.21421622905626,"Não existência de fumo, vidros fechados, AC desligado",0
261,66-ZZ-66,41.5608 -8.3968,2020-11-25 12:08:03,3.6,7.1,14.58546875,39593,57.88438534205887,974.2184117164428,330.1536272269203,"Não existência de fumo, vidros fechados, AC desligado",0
260,66-ZZ-66,41.5608 -8.3968,2020-11-25 12:07:52,3.8,7.5,14.8126171875,39032,57.28464094091685,974.2214463461393,330.1275453542049,"Não existência de fumo, vidros fechados, AC desligado",0
259,66-ZZ-66,41.5608 -8.3968,2020-11-25 12:07:41,3.9,7.6,15.073359375,37990,56.86716266099134,974.2248761425788,330.0980672027267,"Não existência de fumo, vidros fechados, AC desligado",0
258,66-ZZ-66,41.5608 -8.3968,2020-11-25 12:07:30,3.8,9.1,15.3645703125,37252,56.35662305412804,974.2351267205502,330.0099668219403,"Não existência de fumo, vidros fechados, AC desligado",0
257,66-ZZ-66,41.5608 -8.3968,2020-11-25 12:07:19,3.6,8.5,15.68546875,36094,56.76333186741819,974.2256337459481,330.09155582269943,"Não existência de fumo, vidros fechados, AC desligado",0
256,66-ZZ-66,41.5608 -8.3968,2020-11-25 12:07:08,3.3,8.4,16.0329296875,34566,56.20156323480592,974.2246156537176,330.10030602946904,"Não existência de fumo, vidros fechados, AC desligado",0
255,66-ZZ-66,41.5608 -8.3968,2020-11-25 12:06:58,3.2,6.4,16.395625,33798,54.61281773010557,974.2332903037562,330.02575017128584,"Não existência de fumo, vidros fechados, AC desligado",0
254,66-ZZ-66,41.5608 -8.3968,2020-11-25 12:06:47,8.0,11.2,16.8087109375,32384,55.449456995937446,974.234402255335,330.01619333997843,"Não existência de fumo, vidros fechados, AC desligado",0
253,66-ZZ-66,41.5608 -8.3968,2020-11-25 12:05:19,10.4,15.3,18.018671875,13516,57.7267735512573,974.2537752794523,329.84969045365267,"Não existência de fumo, vidros fechados, AC desligado",0
252,66-ZZ-66,41.5608 -8.3968,2020-11-25 12:05:08,10.5,14.2,18.0141796875,48189,57.87100099930199,974.2614726548829,329.7835355363072,"Não existência de fumo, vidros fechados, AC desligado",0
251,VP-35-44,41.5608 -8.3968,2020-11-21 13:21:23,6.8,10.4,25.9876171875,33032,34.36224381930729,1016.5774128595087,-27.666228998499385,"Não existência de fumo, vidros fechados, AC desligado",0
250,VP-35-44,41.5608 -8.3968,2020-11-21 13:21:12,6.8,10.4,25.9844921875,33106,34.13433171198646,1016.5722676573934,-27.623505151569095,"Não existência de fumo, vidros fechados, AC desligado",0
249,VP-35-44,41.5608 -8.3968,2020-11-21 13:21:01,6.8,10.4,25.9813671875,33057,34.020357507870834,1016.5723442600515,-27.624141232865803,"Não existência de fumo, vidros fechados, AC desligado",0
248,VP-35-44,41.5608 -8.3968,2020-11-21 13:20:50,6.8,10.4,25.98078125,33032,34.1396645395814,1016.5748607278236,-27.645037066980187,"Não existência de fumo, vidros fechados, AC desligado",0
247,VP-35-44,41.5608 -8.3968,2020-11-21 13:20:39,6.8,11.6,25.97921875,32812,34.236211764426066,1016.577509893184,-27.667034728405003,"Não existência de fumo, vidros fechados, AC desligado",0
246,VP-35-44,41.5608 -8.3968,2020-11-21 13:20:29,6.8,11.6,25.9753125,32262,34.38954126509469,1016.5780406599912,-27.671442008491063,"Não existência de fumo, vidros fechados, AC desligado",0
245,VP-35-44,41.5608 -8.3968,2020-11-21 13:20:17,6.8,11.6,25.9696484375,32691,34.679748969936234,1016.5826393890384,-27.70962797880588,"Não existência de fumo, vidros fechados, AC desligado",0
244,VP-35-44,41.5608 -8.3968,2020-11-21 13:20:05,6.8,11.6,25.9680859375,33206,34.29774894716648,1016.590510106814,-27.774982884423423,"Não existência de fumo, vidros fechados, AC desligado",0
243,VP-35-44,41.5608 -8.3968,2020-11-21 13:19:54,6.8,11.6,25.9675,33255,34.02472279189108,1016.5912859094657,-27.78142477904022,"Não existência de fumo, vidros fechados, AC desligado",0
242,VP-35-44,41.5608 -8.3968,2020-11-21 13:19:43,6.8,11.6,25.9684765625,33206,34.155552206217195,1016.5876721488024,-27.7514178028746,"Não existência de fumo, vidros fechados, AC desligado",0
241,VP-35-44,41.5608 -8.3968,2020-11-21 13:19:33,7.2,10.9,25.9669140625,32909,34.49129016650652,1016.5920617091839,-27.787866645328172,"Não existência de fumo, vidros fechados, AC desligado",0
240,VP-35-44,41.5608 -8.3968,2020-11-21 13:19:22,7.2,10.9,25.9618359375,32499,34.61623860735784,1016.5958842694786,-27.819607282242018,"Não existência de fumo, vidros fechados, AC desligado",0
239,VP-35-44,41.5608 -8.3968,2020-11-21 13:19:10,7.2,10.9,25.9551953125,32958,34.5471677736246,1016.5919123091328,-27.786626099744613,"Não existência de fumo, vidros fechados, AC desligado",0
238,VP-35-44,41.5608 -8.3968,2020-11-21 13:19:00,7.2,10.9,25.955390625,32812,34.08608349494411,1016.5870123089891,-27.745938792751183,"Não existência de fumo, vidros fechados, AC desligado",0
237,VP-35-44,41.5608 -8.3968,2020-11-21 13:18:48,7.2,10.9,25.9610546875,32934,34.109359672899465,1016.5998195450347,-27.852283749590164,"Não existência de fumo, vidros fechados, AC desligado",0
236,VP-35-44,41.5608 -8.3968,2020-11-21 13:18:37,6.8,11.5,25.9633984375,32909,34.20056837182502,1016.6054192111976,-27.898780268369958,"Não existência de fumo, vidros fechados, AC desligado",0
235,VP-35-44,41.5608 -8.3968,2020-11-21 13:18:26,6.8,11.5,25.9614453125,32787,34.342656930487,1016.6091654704667,-27.929887009559824,"Não existência de fumo, vidros fechados, AC desligado",0
234,VP-35-44,41.5608 -8.3968,2020-11-21 13:18:15,6.8,11.5,25.9579296875,32618,34.23987010600421,1016.6033767580425,-27.881820895399002,"Não existência de fumo, vidros fechados, AC desligado",0
233,VP-35-44,41.5608 -8.3968,2020-11-21 13:18:05,6.8,11.5,25.9598828125,32075,34.06377632579847,1016.6031116206904,-27.879619343136138,"Não existência de fumo, vidros fechados, AC desligado",0
232,VP-35-44,41.5608 -8.3968,2020-11-21 13:17:52,6.8,11.5,25.9626171875,32739,34.149307727409806,1016.6041328376522,-27.88809895500988,"Não existência de fumo, vidros fechados, AC desligado",0
231,VP-35-44,41.5608 -8.3968,2020-11-21 13:17:40,6.7,11.1,25.9645703125,33206,34.21205720895107,1016.6003865467511,-27.85699182646894,"Não existência de fumo, vidros fechados, AC desligado",0
230,VP-35-44,41.5608 -8.3968,2020-11-21 13:17:30,6.7,11.1,25.9633984375,32983,34.508051499899736,1016.6071597645766,-27.913232814990405,"Não existência de fumo, vidros fechados, AC desligado",0
229,VP-35-44,41.5608 -8.3968,2020-11-21 13:17:19,6.7,11.1,25.9594921875,32885,34.55898401429604,1016.6094306040441,-27.93208851987081,"Não existência de fumo, vidros fechados, AC desligado",0
228,VP-35-44,41.5608 -8.3968,2020-11-21 13:17:08,6.7,11.1,25.95578125,32885,34.42754335197505,1016.6189850796936,-28.011422848588694,"Não existência de fumo, vidros fechados, AC desligado",0
227,VP-35-44,41.5608 -8.3968,2020-11-21 13:16:57,6.7,11.1,25.9563671875,32836,34.103229113785936,1016.6216904170327,-28.03388615078334,"Não existência de fumo, vidros fechados, AC desligado",0
226,VP-35-44,41.5608 -8.3968,2020-11-21 13:16:47,6.7,11.1,25.9583203125,32309,34.18870817877942,1016.6214253491592,-28.031685207531414,"Não existência de fumo, vidros fechados, AC desligado",0
225,VP-35-44,41.5608 -8.3968,2020-11-21 13:16:35,6.8,11.7,25.9583203125,32666,34.42208996785604,1016.6179442680598,-28.002780635726175,"Não existência de fumo, vidros fechados, AC desligado",0
224,VP-35-44,41.5608 -8.3968,2020-11-21 13:16:24,6.8,11.7,25.9559765625,32332,34.678430587821126,1016.6158256120801,-27.985188692669226,"Não existência de fumo, vidros fechados, AC desligado",0
223,VP-35-44,41.5608 -8.3968,2020-11-21 13:16:12,6.8,11.7,25.95109375,32715,34.313201756700714,1016.6147477135751,-27.976238512254966,"Não existência de fumo, vidros fechados, AC desligado",0
222,VP-35-44,41.5608 -8.3968,2020-11-21 13:16:01,6.8,11.7,25.9497265625,32836,34.06849447882485,1016.6246801282138,-28.05871064585631,"Não existência de fumo, vidros fechados, AC desligado",0
221,VP-35-44,41.5608 -8.3968,2020-11-21 13:15:50,6.8,11.7,25.94953125,32499,34.15374816707361,1016.6191369723198,-28.012684064104455,"Não existência de fumo, vidros fechados, AC desligado",0
220,VP-35-44,41.5608 -8.3968,2020-11-21 13:15:39,6.9,11.2,25.94875,32739,34.31867028173771,1016.6195910749891,-28.0164546302591,"Não existência de fumo, vidros fechados, AC desligado",0
219,VP-35-44,41.5608 -8.3968,2020-11-21 13:15:28,6.9,11.2,25.9430859375,32475,34.67148169696011,1016.6172265805377,-27.996821428053117,"Não existência de fumo, vidros fechados, AC desligado",0
218,VP-35-44,41.5608 -8.3968,2020-11-21 13:15:17,6.9,11.2,25.9352734375,31982,34.9219918634061,1016.6130647919147,-27.96226459080574,"Não existência de fumo, vidros fechados, AC desligado",0
217,VP-35-44,41.5608 -8.3968,2020-11-21 13:15:05,6.9,11.2,25.9282421875,32475,34.23703778129416,1016.6119297215616,-27.95283967095632,"Não existência de fumo, vidros fechados, AC desligado",0
216,VP-35-44,41.5608 -8.3968,2020-11-21 13:14:54,6.9,11.2,25.93078125,32262,34.08374434035527,1016.6108892426108,-27.944200171923548,"Não existência de fumo, vidros fechados, AC desligado",0
215,VP-35-44,41.5608 -8.3968,2020-11-21 13:14:42,7.2,11.6,25.9317578125,32546,34.16342884951342,1016.6107568128859,-27.94310055620152,"Não existência de fumo, vidros fechados, AC desligado",0
214,VP-35-44,41.5608 -8.3968,2020-11-21 13:14:30,7.2,11.6,25.9298046875,32885,34.499126353318616,1016.612762131076,-27.959751483849686,"Não existência de fumo, vidros fechados, AC desligado",0
213,VP-35-44,41.5608 -8.3968,2020-11-21 13:14:20,7.2,11.6,25.9235546875,32499,34.732374222364484,1016.6216155792089,-28.03326474847023,"Não existência de fumo, vidros fechados, AC desligado",0
212,VP-35-44,41.5608 -8.3968,2020-11-21 13:14:09,7.2,11.6,25.916328125,32763,34.389588585657684,1016.6271201596412,-28.078970936400193,"Não existência de fumo, vidros fechados, AC desligado",0
211,VP-35-44,41.5608 -8.3968,2020-11-21 13:13:58,7.2,11.6,25.9149609375,32594,34.09360812526691,1016.6353113796192,-28.146984730074852,"Não existência de fumo, vidros fechados, AC desligado",0
210,VP-35-44,41.5608 -8.3968,2020-11-21 13:13:47,7.2,11.6,25.9165234375,32427,34.13923429891989,1016.62570134938,-28.067190146983783,"Não existência de fumo, vidros fechados, AC desligado",0
209,VP-35-44,41.5608 -8.3968,2020-11-21 13:13:35,7.3,11.7,25.9153515625,32860,34.35532891706761,1016.632473770668,-28.123423387706122,"Não existência de fumo, vidros fechados, AC desligado",0
208,VP-35-44,41.5608 -8.3968,2020-11-21 13:13:24,7.3,11.7,25.9118359375,32522,34.4062444024617,1016.6353866886715,-28.14761003832234,"Não existência de fumo, vidros fechados, AC desligado",0
207,VP-35-44,41.5608 -8.3968,2020-11-21 13:13:13,7.3,11.7,25.90578125,32238,34.30317989656031,1016.6358587974364,-28.151530064340346,"Não existência de fumo, vidros fechados, AC desligado",0
206,VP-35-44,41.5608 -8.3968,2020-11-21 13:13:02,7.3,11.7,25.90421875,32691,34.069854100499256,1016.6385069852818,-28.173518540567926,"Não existência de fumo, vidros fechados, AC desligado",0
205,VP-35-44,41.5608 -8.3968,2020-11-21 13:12:51,7.3,11.7,25.90265625,32475,34.02993130559302,1016.6394147573433,-28.181055957586658,"Não existência de fumo, vidros fechados, AC desligado",0
204,VP-35-44,41.5608 -8.3968,2020-11-21 13:12:39,7.2,11.7,25.9032421875,32739,34.14365607951141,1016.6403796399458,-28.18906756911893,"Não existência de fumo, vidros fechados, AC desligado",0
203,VP-35-44,41.5608 -8.3968,2020-11-21 13:12:27,7.2,11.7,25.90109375,32983,34.4166070728451,1016.6490244554932,-28.260846911781258,"Não existência de fumo, vidros fechados, AC desligado",0
202,VP-35-44,41.5608 -8.3968,2020-11-21 13:12:17,7.2,11.7,25.8973828125,33057,34.33083809455517,1016.6481346041872,-28.253458351058264,"Não existência de fumo, vidros fechados, AC desligado",0
201,VP-35-44,41.5608 -8.3968,2020-11-21 13:12:06,7.2,11.7,25.8934765625,32934,34.13704148030173,1016.6399615965114,-28.185596472366914,"Não existência de fumo, vidros fechados, AC desligado",0
200,VP-35-44,41.5608 -8.3968,2020-11-21 13:11:55,7.2,11.7,25.8907421875,33230,33.994717779420284,1016.6371991220672,-28.162659075331348,"Não existência de fumo, vidros fechados, AC desligado",0
199,VP-35-44,41.5608 -8.3968,2020-11-21 13:11:44,7.2,11.7,25.8923046875,33081,34.182418871553914,1016.6362914455098,-28.155122438005293,"Não existência de fumo, vidros fechados, AC desligado",0
198,VP-35-44,41.5608 -8.3968,2020-11-21 13:11:33,7.3,13.0,25.889375,32934,34.50664408766973,1016.6453898420801,-28.230668171744245,"Não existência de fumo, vidros fechados, AC desligado",0
197,VP-35-44,41.5608 -8.3968,2020-11-21 13:11:22,7.3,13.0,25.8841015625,32909,34.654387549758454,1016.6384460623817,-28.173012685074784,"Não existência de fumo, vidros fechados, AC desligado",0
196,VP-35-44,41.5608 -8.3968,2020-11-21 13:11:12,7.3,13.0,25.87921875,32934,34.48857315042887,1016.6373665270352,-28.164049074862486,"Não existência de fumo, vidros fechados, AC desligado",0
195,VP-35-44,41.5608 -8.3968,2020-11-21 13:11:01,7.3,13.0,25.878046875,32983,34.09010005937963,1016.6423980161867,-28.205826527291023,"Não existência de fumo, vidros fechados, AC desligado",0
194,VP-35-44,41.5608 -8.3968,2020-11-21 13:10:50,7.3,13.0,25.87921875,33106,33.97658720856294,1016.6478085033408,-28.25075068850022,"Não existência de fumo, vidros fechados, AC desligado",0
193,VP-35-44,41.5608 -8.3968,2020-11-21 13:10:40,7.6,12.4,25.883125,33032,34.096266091538816,1016.6542412915732,-28.304162931127813,"Não existência de fumo, vidros fechados, AC desligado",0
192,VP-35-44,41.5608 -8.3968,2020-11-21 13:10:29,7.6,12.4,25.8815625,32885,34.40904096075986,1016.6568891842498,-28.32614863462371,"Não existência de fumo, vidros fechados, AC desligado",0
191,VP-35-44,41.5608 -8.3968,2020-11-21 13:10:18,7.6,12.4,25.8805859375,32836,34.35200406512795,1016.6639826495748,-28.38504612006339,"Não existência de fumo, vidros fechados, AC desligado",0
190,VP-35-44,41.5608 -8.3968,2020-11-21 13:10:07,7.6,12.4,25.879609375,32666,34.32913940072745,1016.6571534369918,-28.328342747604033,"Não existência de fumo, vidros fechados, AC desligado",0
189,VP-35-44,41.5608 -8.3968,2020-11-21 13:09:57,7.6,12.4,25.88,32812,33.97098227314696,1016.6577967209049,-28.333683986688737,"Não existência de fumo, vidros fechados, AC desligado",0
188,VP-35-44,41.5608 -8.3968,2020-11-21 13:09:46,7.6,12.4,25.8841015625,32642,33.97137087531445,1016.6610705206325,-28.360866571903976,"Não existência de fumo, vidros fechados, AC desligado",0
187,VP-35-44,41.5608 -8.3968,2020-11-21 13:09:35,7.5,12.0,25.8837109375,32546,34.11337364159018,1016.6604272378335,-28.355525356000093,"Não existência de fumo, vidros fechados, AC desligado",0
186,VP-35-44,41.5608 -8.3968,2020-11-21 13:09:25,7.5,12.0,25.8815625,32403,34.232586020788965,1016.6621101943899,-28.369499040089497,"Não existência de fumo, vidros fechados, AC desligado",0
185,VP-35-44,41.5608 -8.3968,2020-11-21 13:09:14,7.5,12.0,25.8790234375,32028,34.33477589649338,1016.652707852147,-28.291430617249024,"Não existência de fumo, vidros fechados, AC desligado",0
184,VP-35-44,41.5608 -8.3968,2020-11-21 13:09:02,7.5,12.0,25.8774609375,32570,34.00481852238702,1016.6536153772802,-28.29896589874788,"Não existência de fumo, vidros fechados, AC desligado",0
183,VP-35-44,41.5608 -8.3968,2020-11-21 13:08:51,7.5,12.0,25.87765625,32215,34.03324030237926,1016.6521966931213,-28.28718640495743,"Não existência de fumo, vidros fechados, AC desligado",0
182,VP-35-44,41.5608 -8.3968,2020-11-21 13:08:41,7.5,12.9,25.87765625,31936,34.26634972507212,1016.6574176709129,-28.330536703850484,"Não existência de fumo, vidros fechados, AC desligado",0
181,VP-35-44,41.5608 -8.3968,2020-11-21 13:08:29,7.5,12.9,25.8723828125,32285,34.72172898092297,1016.655694571847,-28.31622966052541,"Não existência de fumo, vidros fechados, AC desligado",0
180,VP-35-44,41.5608 -8.3968,2020-11-21 13:08:18,7.5,12.9,25.86515625,32309,34.344835843399565,1016.6594563808629,-28.3474642667857,"Não existência de fumo, vidros fechados, AC desligado",0
179,VP-35-44,41.5608 -8.3968,2020-11-21 13:08:07,7.5,12.9,25.860078125,32075,34.42407043105729,1016.6545740927671,-28.306926213489024,"Não existência de fumo, vidros fechados, AC desligado",0
178,VP-35-44,41.5608 -8.3968,2020-11-21 13:07:55,7.5,12.9,25.8559765625,32642,34.048227140958396,1016.6547805464713,-28.30864041934442,"Não existência de fumo, vidros fechados, AC desligado",0
177,VP-35-44,41.5608 -8.3968,2020-11-21 13:07:44,7.5,12.9,25.8540234375,32739,34.23564915268932,1016.6567848319086,-28.325282188135855,"Não existência de fumo, vidros fechados, AC desligado",0
176,VP-35-44,41.5608 -8.3968,2020-11-21 13:07:34,7.5,12.7,25.8489453125,32909,34.451485214717806,1016.6588633890752,-28.34254061395348,"Não existência de fumo, vidros fechados, AC desligado",0
175,VP-35-44,41.5608 -8.3968,2020-11-21 13:07:23,7.5,12.7,25.8423046875,32570,34.63895482808133,1016.6566283118882,-28.32398258876845,"Não existência de fumo, vidros fechados, AC desligado",0
174,VP-35-44,41.5608 -8.3968,2020-11-21 13:07:12,7.5,12.7,25.835078125,32522,34.43306784199676,1016.6621291661388,-28.369656563493514,"Não existência de fumo, vidros fechados, AC desligado",0
173,VP-35-44,41.5608 -8.3968,2020-11-21 13:07:01,7.5,12.7,25.8325390625,32715,34.034641046506174,1016.6562073749559,-28.32048751196101,"Não existência de fumo, vidros fechados, AC desligado",0
172,VP-35-44,41.5608 -8.3968,2020-11-21 13:06:51,7.5,12.7,25.831953125,32618,34.09708734623903,1016.6569825989325,-28.326924264726543,"Não existência de fumo, vidros fechados, AC desligado",0
171,VP-35-44,41.5608 -8.3968,2020-11-21 13:06:40,7.5,12.0,25.8290234375,32594,34.278779340126974,1016.6625988705015,-28.373556542154237,"Não existência de fumo, vidros fechados, AC desligado",0
170,VP-35-44,41.5608 -8.3968,2020-11-21 13:06:29,7.5,12.0,25.824921875,32475,34.42639955304904,1016.6645448730621,-28.389714282545864,"Não existência de fumo, vidros fechados, AC desligado",0
169,VP-35-44,41.5608 -8.3968,2020-11-21 13:06:18,7.5,12.0,25.8208203125,32546,34.19267230453201,1016.6682309491006,-28.42031985694073,"Não existência de fumo, vidros fechados, AC desligado",0
168,VP-35-44,41.5608 -8.3968,2020-11-21 13:06:08,7.5,12.0,25.8173046875,32570,34.07296567423804,1016.6746220803493,-28.47338535419921,"Não existência de fumo, vidros fechados, AC desligado",0
167,VP-35-44,41.5608 -8.3968,2020-11-21 13:05:57,7.5,12.0,25.8141796875,32546,34.03858041117571,1016.6781761236173,-28.502894422173547,"Não existência de fumo, vidros fechados, AC desligado",0
166,VP-35-44,41.5608 -8.3968,2020-11-21 13:05:46,7.5,12.0,25.811640625,32427,34.16905382915431,1016.6774746669304,-28.49707026416953,"Não existência de fumo, vidros fechados, AC desligado",0
165,VP-35-44,41.5608 -8.3968,2020-11-21 13:05:36,7.8,13.5,25.808125,32005,34.276785554280416,1016.6786450916129,-28.506788236979364,"Não existência de fumo, vidros fechados, AC desligado",0
164,VP-35-44,41.5608 -8.3968,2020-11-21 13:05:25,7.8,13.5,25.803046875,31684,34.338900540729604,1016.6824624061214,-28.53848312982975,"Não existência de fumo, vidros fechados, AC desligado",0
163,VP-35-44,41.5608 -8.3968,2020-11-21 13:05:12,7.8,13.5,25.79875,32451,34.13940241029878,1016.6823459278401,-28.53751602030393,"Não existência de fumo, vidros fechados, AC desligado",0
162,VP-35-44,41.5608 -8.3968,2020-11-21 13:05:01,7.8,13.5,25.7981640625,32285,34.10524387870555,1016.6813808850201,-28.529503346263088,"Não existência de fumo, vidros fechados, AC desligado",0
161,VP-35-44,41.5608 -8.3968,2020-11-21 13:04:50,7.8,13.5,25.7973828125,32028,34.02562664201648,1016.6835743853648,-28.54771579685334,"Não existência de fumo, vidros fechados, AC desligado",0
160,VP-35-44,41.5608 -8.3968,2020-11-21 13:04:39,7.8,13.4,25.795625,31662,34.28697278839581,1016.6858995711098,-28.567021585611474,"Não existência de fumo, vidros fechados, AC desligado",0
159,VP-35-44,41.5608 -8.3968,2020-11-21 13:04:27,7.8,13.4,25.79171875,32309,34.62268151085721,1016.6864262971972,-28.57139493558596,"Não existência de fumo, vidros fechados, AC desligado",0
158,VP-35-44,41.5608 -8.3968,2020-11-21 13:04:16,7.8,13.4,25.7844921875,32309,34.41113961699429,1016.6867045110467,-28.573704914484313,"Não existência de fumo, vidros fechados, AC desligado",0
157,VP-35-44,41.5608 -8.3968,2020-11-21 13:04:05,7.8,13.4,25.78,32191,34.28548215801594,1016.6880060239339,-28.584511225560092,"Não existência de fumo, vidros fechados, AC desligado",0
156,VP-35-44,41.5608 -8.3968,2020-11-21 13:03:54,7.8,13.4,25.7790234375,32427,34.052288364113714,1016.6881376372573,-28.585603995143217,"Não existência de fumo, vidros fechados, AC desligado",0
155,VP-35-44,41.5608 -8.3968,2020-11-21 13:03:43,7.8,13.4,25.7782421875,31821,34.13176882763895,1016.6938111197401,-28.632710128703486,"Não existência de fumo, vidros fechados, AC desligado",0
154,VP-35-44,41.5608 -8.3968,2020-11-21 13:03:31,8.1,13.2,25.77375,32215,34.23368720454697,1016.7072927911701,-28.744645711963063,"Não existência de fumo, vidros fechados, AC desligado",0
153,VP-35-44,41.5608 -8.3968,2020-11-21 13:03:19,8.1,13.2,25.7696484375,32594,34.35278620798773,1016.7074972848525,-28.746343572276345,"Não existência de fumo, vidros fechados, AC desligado",0
152,VP-35-44,41.5608 -8.3968,2020-11-21 13:03:09,8.1,13.2,25.7661328125,32691,33.880738225547724,1016.7086668052001,-28.756053804265903,"Não existência de fumo, vidros fechados, AC desligado",0
151,VP-35-44,41.5608 -8.3968,2020-11-21 13:02:58,8.1,13.2,25.7676953125,32666,33.95467088621716,1016.712980454205,-28.791868863995866,"Não existência de fumo, vidros fechados, AC desligado",0
150,VP-35-44,41.5608 -8.3968,2020-11-21 13:02:47,8.1,13.2,25.7680859375,32475,34.07965777530601,1016.7223240360909,-28.869445672647245,"Não existência de fumo, vidros fechados, AC desligado",0
149,VP-35-44,41.5608 -8.3968,2020-11-21 13:02:36,7.5,12.9,25.7661328125,32475,34.20452580905518,1016.7173669542275,-28.82828865982383,"Não existência de fumo, vidros fechados, AC desligado",0
148,VP-35-44,41.5608 -8.3968,2020-11-21 13:02:25,7.5,12.9,25.760859375,32285,34.551302767263685,1016.7208610521194,-28.857299017018843,"Não existência de fumo, vidros fechados, AC desligado",0
147,VP-35-44,41.5608 -8.3968,2020-11-21 13:02:14,7.5,12.9,25.7559765625,32332,34.436885273773,1016.7249983894991,-28.89164987788077,"Não existência de fumo, vidros fechados, AC desligado",0
146,VP-35-44,41.5608 -8.3968,2020-11-21 13:02:03,7.5,12.9,25.7512890625,32427,34.11784077278376,1016.7294572714055,-28.92867028342322,"Não existência de fumo, vidros fechados, AC desligado",0
145,VP-35-44,41.5608 -8.3968,2020-11-21 13:01:52,7.5,12.9,25.7493359375,32499,33.93022780660083,1016.740160019857,-29.01753060859211,"Não existência de fumo, vidros fechados, AC desligado",0
144,VP-35-44,41.5608 -8.3968,2020-11-21 13:01:42,7.5,12.0,25.7481640625,32475,34.07208561299392,1016.746929628311,-29.073735370023513,"Não existência de fumo, vidros fechados, AC desligado",0
143,VP-35-44,41.5608 -8.3968,2020-11-21 13:01:31,7.5,12.0,25.7434765625,32215,34.30475773426166,1016.7635679371812,-29.21187385630389,"Não existência de fumo, vidros fechados, AC desligado",0
142,VP-35-44,41.5608 -8.3968,2020-11-21 13:01:19,7.5,12.0,25.73859375,32570,34.13368500820372,1016.774664301778,-29.303999690322396,"Não existência de fumo, vidros fechados, AC desligado",0
141,VP-35-44,41.5608 -8.3968,2020-11-21 13:01:08,7.5,12.0,25.7329296875,32666,34.144514482994424,1016.7757737189138,-29.313210408058698,"Não existência de fumo, vidros fechados, AC desligado",0
140,VP-35-44,41.5608 -8.3968,2020-11-21 13:00:58,7.5,12.0,25.728828125,32594,33.985057709022286,1016.7811968110614,-29.35823444769156,"Não existência de fumo, vidros fechados, AC desligado",0
139,VP-35-44,41.5608 -8.3968,2020-11-21 13:00:47,7.5,12.0,25.72453125,32594,34.08688794838835,1016.7758584844321,-29.313914156779063,"Não existência de fumo, vidros fechados, AC desligado",0
138,VP-35-44,41.5608 -8.3968,2020-11-21 13:00:36,8.5,13.9,25.7184765625,32475,34.20567626284517,1016.7832836480037,-29.375559904400216,"Não existência de fumo, vidros fechados, AC desligado",0
137,VP-35-44,41.5608 -8.3968,2020-11-21 13:00:26,8.5,13.9,25.7098828125,32403,34.17074580277858,1016.7865257854271,-29.4024769055672,"Não existência de fumo, vidros fechados, AC desligado",0
136,VP-35-44,41.5608 -8.3968,2020-11-21 13:00:15,8.5,13.9,25.7012890625,32403,34.2324733452871,1016.7949870848747,-29.47272431213944,"Não existência de fumo, vidros fechados, AC desligado",0
135,VP-35-44,41.5608 -8.3968,2020-11-21 13:00:04,8.5,13.9,25.696015625,32075,34.27747401428962,1016.8002185127988,-29.51615644015795,"Não existência de fumo, vidros fechados, AC desligado",0
134,VP-35-44,41.5608 -8.3968,2020-11-21 12:59:52,8.5,13.9,25.689765625,32546,33.99839387898202,1016.8038409256956,-29.546230169231727,"Não existência de fumo, vidros fechados, AC desligado",0
133,VP-35-44,41.5608 -8.3968,2020-11-21 12:59:41,8.1,14.1,25.683125,32499,34.15683359233525,1016.8016001267706,-29.527626783967932,"Não existência de fumo, vidros fechados, AC desligado",0
132,VP-35-44,41.5608 -8.3968,2020-11-21 12:59:31,8.1,14.1,25.674140625,32380,34.37212346843421,1016.8076765166022,-29.578073634489044,"Não existência de fumo, vidros fechados, AC desligado",0
131,VP-35-44,41.5608 -8.3968,2020-11-21 12:59:20,8.1,14.1,25.6641796875,32215,34.13798310292736,1016.8156230311688,-29.64404609599753,"Não existência de fumo, vidros fechados, AC desligado",0
130,VP-35-44,41.5608 -8.3968,2020-11-21 12:59:09,8.1,14.1,25.65421875,32238,34.10294303957233,1016.8061715023562,-29.56557886495671,"Não existência de fumo, vidros fechados, AC desligado",0
129,VP-35-44,41.5608 -8.3968,2020-11-21 12:58:58,8.1,14.1,25.6473828125,32098,34.056848372772194,1016.8105668250464,-29.60206920448103,"Não existência de fumo, vidros fechados, AC desligado",0
128,VP-35-44,41.5608 -8.3968,2020-11-21 12:58:47,8.1,14.1,25.6378125,31684,34.19800301423557,1016.8208950270392,-29.6878143054679,"Não existência de fumo, vidros fechados, AC desligado",0
127,VP-35-44,41.5608 -8.3968,2020-11-21 12:58:35,8.1,13.5,25.62765625,31982,34.24252435536037,1016.8215588112528,-29.693325041546128,"Não existência de fumo, vidros fechados, AC desligado",0
126,VP-35-44,41.5608 -8.3968,2020-11-21 12:58:24,8.1,13.5,25.6161328125,31844,34.24142759334912,1016.82518844799,-29.72345823168738,"Não existência de fumo, vidros fechados, AC desligado",0
125,VP-35-44,41.5608 -8.3968,2020-11-21 12:58:13,8.1,13.5,25.6044140625,31982,34.31994353105338,1016.8250163504063,-29.722029482077115,"Não existência de fumo, vidros fechados, AC desligado",0
124,VP-35-44,41.5608 -8.3968,2020-11-21 12:58:02,8.1,13.5,25.592890625,31482,34.17667974105408,1016.8303841578268,-29.766592785825317,"Não existência de fumo, vidros fechados, AC desligado",0
123,VP-35-44,41.5608 -8.3968,2020-11-21 12:57:49,8.1,13.5,25.5825390625,32285,34.24960370698734,1016.8237657027846,-29.71164663256407,"Não existência de fumo, vidros fechados, AC desligado",0
122,VP-35-44,41.5608 -8.3968,2020-11-21 12:57:38,8.3,14.6,25.5692578125,32028,34.42472179552311,1016.8279753900865,-29.74659532436505,"Não existência de fumo, vidros fechados, AC desligado",0
121,VP-35-44,41.5608 -8.3968,2020-11-21 12:57:26,8.3,14.6,25.5532421875,32332,34.53139473196067,1016.83463647251,-29.801895182154365,"Não existência de fumo, vidros fechados, AC desligado",0
120,VP-35-44,41.5608 -8.3968,2020-11-21 12:57:16,8.3,14.6,25.5360546875,32475,34.427242304244054,1016.8358862424288,-29.812270655194567,"Não existência de fumo, vidros fechados, AC desligado",0
119,VP-35-44,41.5608 -8.3968,2020-11-21 12:57:05,8.3,14.6,25.520625,32715,34.27783199060223,1016.8365523923015,-29.81780096495381,"Não existência de fumo, vidros fechados, AC desligado",0
118,VP-35-44,41.5608 -8.3968,2020-11-21 12:56:54,8.3,14.6,25.5051953125,32642,34.29911261346177,1016.8493927920458,-29.92440010876995,"Não existência de fumo, vidros fechados, AC desligado",0
117,VP-35-44,41.5608 -8.3968,2020-11-21 12:56:44,8.3,14.6,25.487421875,32691,34.50800469354197,1016.8479335009556,-29.912285339836423,"Não existência de fumo, vidros fechados, AC desligado",0
116,VP-35-44,41.5608 -8.3968,2020-11-21 12:56:33,8.3,13.6,25.467890625,32191,34.69989683178075,1016.8487938435159,-29.919427748833446,"Não existência de fumo, vidros fechados, AC desligado",0
115,VP-35-44,41.5608 -8.3968,2020-11-21 12:56:22,8.3,13.6,25.44640625,32403,34.57243532191757,1016.8516512684116,-29.943149540597076,"Não existência de fumo, vidros fechados, AC desligado",0
114,VP-35-44,41.5608 -8.3968,2020-11-21 12:56:11,8.3,13.6,25.42609375,32570,34.54770233716227,1016.8686115701254,-30.08394959162578,"Não existência de fumo, vidros fechados, AC desligado",0
113,VP-35-44,41.5608 -8.3968,2020-11-21 12:56:00,8.3,13.6,25.4075390625,32666,34.44343078356034,1016.8762924818449,-30.14771391436757,"Não existência de fumo, vidros fechados, AC desligado",0
112,VP-35-44,41.5608 -8.3968,2020-11-21 12:55:49,8.3,13.6,25.3876171875,32546,34.401690136457226,1016.8765010206304,-30.149445127171578,"Não existência de fumo, vidros fechados, AC desligado",0
111,VP-35-44,41.5608 -8.3968,2020-11-21 12:55:39,8.1,13.7,25.364765625,32451,34.55322472888709,1016.8823129111856,-30.197693203220936,"Não existência de fumo, vidros fechados, AC desligado",0
110,VP-35-44,41.5608 -8.3968,2020-11-21 12:55:28,8.1,13.7,25.3376171875,32618,34.52215148345924,1016.8775619989029,-30.15825297664774,"Não existência de fumo, vidros fechados, AC desligado",0
109,VP-35-44,41.5608 -8.3968,2020-11-21 12:55:17,8.1,13.7,25.31046875,32691,34.52525059874912,1016.8780246055582,-30.162093363788568,"Não existência de fumo, vidros fechados, AC desligado",0
108,VP-35-44,41.5608 -8.3968,2020-11-21 12:55:07,8.1,13.7,25.2848828125,32739,34.454491304607934,1016.8793206259413,-30.172852431941614,"Não existência de fumo, vidros fechados, AC desligado",0
107,VP-35-44,41.5608 -8.3968,2020-11-21 12:54:56,8.1,13.7,25.25890625,32739,34.59435998900007,1016.8904017533808,-30.264843282841202,"Não existência de fumo, vidros fechados, AC desligado",0
106,VP-35-44,41.5608 -8.3968,2020-11-21 12:54:45,8.1,13.7,25.23078125,32475,34.8196884184842,1016.9066303275358,-30.399564602679472,"Não existência de fumo, vidros fechados, AC desligado",0
105,VP-35-44,41.5608 -8.3968,2020-11-21 12:54:34,8.8,14.9,25.1993359375,32570,35.050724599223855,1016.9173801804832,-30.48880342356383,"Não existência de fumo, vidros fechados, AC desligado",0
104,VP-35-44,41.5608 -8.3968,2020-11-21 12:54:24,8.8,14.9,25.1653515625,32522,35.098862358467606,1016.9187232408805,-30.499952650428334,"Não existência de fumo, vidros fechados, AC desligado",0
103,VP-35-44,41.5608 -8.3968,2020-11-21 12:54:13,8.8,14.9,25.1309765625,32522,34.96987415549187,1016.9211552606134,-30.52014168959632,"Não existência de fumo, vidros fechados, AC desligado",0
102,VP-35-44,41.5608 -8.3968,2020-11-21 12:54:02,8.8,14.9,25.0977734375,32594,34.69858150677557,1016.9185608618817,-30.498604684650772,"Não existência de fumo, vidros fechados, AC desligado",0
101,VP-35-44,41.5608 -8.3968,2020-11-21 12:53:51,8.8,14.9,25.0659375,32570,34.820951968990336,1016.9251686558443,-30.55345818968084,"Não existência de fumo, vidros fechados, AC desligado",0
100,VP-35-44,41.5608 -8.3968,2020-11-21 12:53:41,8.6,14.0,25.0313671875,32451,35.02307338401678,1016.9237863514745,-30.541983243222294,"Não existência de fumo, vidros fechados, AC desligado",0
99,VP-35-44,41.5608 -8.3968,2020-11-21 12:53:30,8.6,14.0,24.9923046875,32356,35.385191055554145,1016.9341089307163,-30.62767393852011,"Não existência de fumo, vidros fechados, AC desligado",0
98,VP-35-44,41.5608 -8.3968,2020-11-21 12:53:19,8.6,14.0,24.9489453125,32262,35.43249146312599,1016.9269103684953,-30.56791668015984,"Não existência de fumo, vidros fechados, AC desligado",0
97,VP-35-44,41.5608 -8.3968,2020-11-21 12:53:08,8.6,14.0,24.9065625,32332,35.3425189929306,1016.9369543881319,-30.651294774015735,"Não existência de fumo, vidros fechados, AC desligado",0
96,VP-35-44,41.5608 -8.3968,2020-11-21 12:52:58,8.6,14.0,24.8630078125,32427,35.22963054465126,1016.934630551682,-30.632004045292607,"Não existência de fumo, vidros fechados, AC desligado",0
95,VP-35-44,41.5608 -8.3968,2020-11-21 12:52:47,8.6,14.0,24.8180859375,32238,35.42548094982968,1016.9439434970212,-30.709312843124316,"Não existência de fumo, vidros fechados, AC desligado",0
94,VP-35-44,41.5608 -8.3968,2020-11-21 12:52:36,8.7,14.0,24.7704296875,32356,35.70154003896264,1016.9487358174563,-30.749094720689293,"Não existência de fumo, vidros fechados, AC desligado",0
93,VP-35-44,41.5608 -8.3968,2020-11-21 12:52:25,8.7,14.0,24.719453125,32121,35.834208610015715,1016.9584635454792,-30.829845800140664,"Não existência de fumo, vidros fechados, AC desligado",0
92,VP-35-44,41.5608 -8.3968,2020-11-21 12:52:15,8.7,14.0,24.66671875,32051,35.800351694868795,1016.9635410946815,-30.87199491878084,"Não existência de fumo, vidros fechados, AC desligado",0
91,VP-35-44,41.5608 -8.3968,2020-11-21 12:52:04,8.7,14.0,24.612421875,32005,35.74341980478014,1016.9677644208605,-30.907052937903053,"Não existência de fumo, vidros fechados, AC desligado",0
90,VP-35-44,41.5608 -8.3968,2020-11-21 12:51:53,8.7,14.0,24.5567578125,31913,35.835470442967875,1016.9627708261464,-30.86560087257384,"Não existência de fumo, vidros fechados, AC desligado",0
89,VP-35-44,41.5608 -8.3968,2020-11-21 12:51:42,8.5,13.6,24.49953125,31549,36.168665379093156,1016.9656058566678,-30.889134614918493,"Não existência de fumo, vidros fechados, AC desligado",0
88,VP-35-44,41.5608 -8.3968,2020-11-21 12:51:31,8.5,13.6,24.438984375,31821,36.59439414295902,1016.9629466798178,-30.867060644997103,"Não existência de fumo, vidros fechados, AC desligado",0
87,VP-35-44,41.5608 -8.3968,2020-11-21 12:51:20,8.5,13.6,24.3762890625,31549,36.761148679854834,1016.9636712833195,-30.873075622228335,"Não existência de fumo, vidros fechados, AC desligado",0
86,VP-35-44,41.5608 -8.3968,2020-11-21 12:51:09,8.5,13.6,24.3141796875,31348,36.899237222421505,1016.9618727576517,-30.858145946146113,"Não existência de fumo, vidros fechados, AC desligado",0
85,VP-35-44,41.5608 -8.3968,2020-11-21 12:50:58,8.5,13.6,24.2503125,31414,36.9043903557596,1016.9693077584902,-30.919864223041454,"Não existência de fumo, vidros fechados, AC desligado",0
84,VP-35-44,41.5608 -8.3968,2020-11-21 12:50:47,8.5,13.6,24.185859375,31084,37.22735784869322,1016.9722841362459,-30.944571166463252,"Não existência de fumo, vidros fechados, AC desligado",0
83,VP-35-44,41.5608 -8.3968,2020-11-21 12:50:36,8.8,13.8,24.121015625,30611,37.56828730254039,1016.9728607453029,-30.949357597617677,"Não existência de fumo, vidros fechados, AC desligado",0
82,VP-35-44,41.5608 -8.3968,2020-11-21 12:50:25,8.8,13.8,24.0544140625,30421,38.01432451559681,1016.9774581293402,-30.987520398861392,"Não existência de fumo, vidros fechados, AC desligado",0
81,VP-35-44,41.5608 -8.3968,2020-11-21 12:50:13,8.8,13.8,23.9883984375,30296,38.007567444831906,1016.9743256355512,-30.961517640078387,"Não existência de fumo, vidros fechados, AC desligado",0
80,VP-35-44,41.5608 -8.3968,2020-11-21 12:50:03,8.8,13.8,23.9247265625,30131,37.554185324798745,1016.9594281413474,-30.837852996262434,"Não existência de fumo, vidros fechados, AC desligado",0
79,VP-35-44,41.5608 -8.3968,2020-11-21 12:49:52,8.8,13.8,23.863203125,29528,37.90762476759191,1016.9550026219722,-30.80111631559873,"Não existência de fumo, vidros fechados, AC desligado",0
78,VP-35-44,41.5608 -8.3968,2020-11-21 12:49:41,8.1,13.9,23.806953125,28836,38.05294550347476,1016.9540648617293,-30.793331857054905,"Não existência de fumo, vidros fechados, AC desligado",0
77,VP-35-44,41.5608 -8.3968,2020-11-21 12:49:30,8.1,13.9,23.752265625,28015,38.280005425717974,1016.9348777962495,-30.634056483977194,"Não existência de fumo, vidros fechados, AC desligado",0
76,VP-35-44,41.5608 -8.3968,2020-11-21 12:49:19,8.1,13.9,23.7036328125,27023,37.65930440180144,1016.9100693195708,-30.428113131577497,"Não existência de fumo, vidros fechados, AC desligado",0
75,VP-35-44,41.5608 -8.3968,2020-11-21 12:49:09,8.1,13.9,23.660078125,25586,39.867268295160315,1016.879765575694,-30.176546232952216,"Não existência de fumo, vidros fechados, AC desligado",0
74,VP-35-44,41.5608 -8.3968,2020-11-21 12:41:47,9.9,15.4,27.0235546875,28032,26.78892499912908,1017.0995846762514,-32.00123950386207,"Não existência de fumo, vidros abertos, AC desligado",0
73,VP-35-44,41.5608 -8.3968,2020-11-21 12:41:36,9.7,17.1,27.3118359375,26859,27.71896944004851,1017.1395937188511,-32.333315652693244,"Não existência de fumo, vidros abertos, AC desligado",0
72,VP-35-44,41.5608 -8.3968,2020-11-21 12:41:25,9.7,17.1,27.5253125,25645,29.813404728436357,1017.1871265683875,-32.72782585848976,"Não existência de fumo, vidros abertos, AC desligado",0
71,VP-35-44,41.5608 -8.3968,2020-11-21 12:41:15,9.7,17.1,27.6583203125,25221,28.88657467564045,1017.2226075710892,-33.022299161370974,"Não existência de fumo, vidros abertos, AC desligado",0
70,VP-35-44,41.5608 -8.3968,2020-11-21 12:41:04,9.7,17.1,27.7716015625,24577,27.63070573483414,1017.2570113838923,-33.30782442384632,"Não existência de fumo, vidros abertos, AC desligado",0
69,VP-35-44,41.5608 -8.3968,2020-11-21 12:40:53,9.7,17.1,27.86984375,22959,27.436984009896012,1017.2963246298505,-33.63408464456485,"Não existência de fumo, vidros abertos, AC desligado",0
68,VP-35-44,41.5608 -8.3968,2020-11-21 12:40:43,12.3,19.9,27.9298046875,22288,25.995040954234923,1017.365213914262,-34.20577148420525,"Não existência de fumo, vidros abertos, AC desligado",0
67,VP-35-44,41.5608 -8.3968,2020-11-21 12:40:32,12.3,19.9,27.94953125,21300,25.60364116811872,1017.4552579489988,-34.952966559750685,"Não existência de fumo, vidros abertos, AC desligado",0
66,VP-35-44,41.5608 -8.3968,2020-11-21 12:40:21,12.3,19.9,27.9065625,19918,25.761700220004673,1017.5574564344613,-35.80095570503898,"Não existência de fumo, vidros abertos, AC desligado",0
65,VP-35-44,41.5608 -8.3968,2020-11-21 12:40:10,12.3,19.9,27.76515625,18318,25.600420605173973,1017.6880140185407,-36.88415338403222,"Não existência de fumo, vidros abertos, AC desligado",0
64,VP-35-44,41.5608 -8.3968,2020-11-21 12:40:00,12.3,19.9,27.512421875,16512,25.68873523165473,1017.8743073680691,-38.429579426877446,"Não existência de fumo, vidros abertos, AC desligado",0
63,VP-35-44,41.5608 -8.3968,2020-11-21 12:39:49,12.3,19.9,27.1157421875,14200,25.830614179363412,1018.149273295183,-40.71018448085376,"Não existência de fumo, vidros abertos, AC desligado",0
62,VP-35-44,41.5608 -8.3968,2020-11-21 12:37:29,11.7,22.2,26.5223828125,26098,31.031227206821264,1018.6077945768494,-44.512113833869556,"Não existência de fumo, vidros abertos, AC desligado",0
61,VP-35-44,41.5608 -8.3968,2020-11-21 12:37:18,11.7,22.2,26.4721875,26191,30.498413026676147,1018.5755596589469,-44.244876262086215,"Não existência de fumo, vidros abertos, AC desligado",0
60,VP-35-44,41.5608 -8.3968,2020-11-21 12:37:07,11.7,22.2,26.46984375,26114,30.553736759918948,1018.5281446758645,-43.85177874791819,"Não existência de fumo, vidros abertos, AC desligado",0
59,VP-35-44,41.5608 -8.3968,2020-11-21 12:36:57,11.7,22.2,26.4774609375,25630,31.138748216043837,1018.5407026529363,-43.95589305195729,"Não existência de fumo, vidros abertos, AC desligado",0
58,VP-35-44,41.5608 -8.3968,2020-11-21 12:36:46,13.9,29.2,26.479609375,25395,31.47391646140918,1018.5425025942542,-43.970815723591826,"Não existência de fumo, vidros abertos, AC desligado",0
57,VP-35-44,41.5608 -8.3968,2020-11-21 12:36:34,13.9,29.2,26.4727734375,25482,31.949174171109817,1018.5834938693743,-44.31065398841268,"Não existência de fumo, vidros abertos, AC desligado",0
56,VP-35-44,41.5608 -8.3968,2020-11-21 12:36:23,13.9,29.2,26.4540234375,25178,32.453008392333295,1018.6170342703005,-44.58871252558826,"Não existência de fumo, vidros abertos, AC desligado",0
55,VP-35-44,41.5608 -8.3968,2020-11-21 12:36:12,13.9,29.2,26.421015625,25690,31.541354352422243,1018.6253196434155,-44.657399254624536,"Não existência de fumo, vidros abertos, AC desligado",0
54,VP-35-44,41.5608 -8.3968,2020-11-21 12:36:01,13.9,29.2,26.4298046875,25794,30.500277791547646,1018.6641988853655,-44.97970675503193,"Não existência de fumo, vidros abertos, AC desligado",0
53,VP-35-44,41.5608 -8.3968,2020-11-21 12:35:50,14.1,27.1,26.4591015625,25794,30.608348532169465,1018.6968295904663,-45.250206424609104,"Não existência de fumo, vidros abertos, AC desligado",0
52,VP-35-44,41.5608 -8.3968,2020-11-21 12:35:40,14.1,27.1,26.4887890625,25395,30.983689311709927,1018.6743565137418,-45.06391148340811,"Não existência de fumo, vidros abertos, AC desligado",0
51,VP-35-44,41.5608 -8.3968,2020-11-21 12:35:28,14.1,27.1,26.5110546875,25839,31.08038943436361,1018.6396407088189,-44.77612152424333,"Não existência de fumo, vidros abertos, AC desligado",0
50,VP-35-44,41.5608 -8.3968,2020-11-21 12:35:17,14.1,27.1,26.53,25704,31.076489899399867,1018.6046729418018,-44.4862348004654,"Não existência de fumo, vidros abertos, AC desligado",0
49,VP-35-44,41.5608 -8.3968,2020-11-21 12:35:07,14.1,27.1,26.5489453125,25885,31.00571005132352,1018.5766705367248,-44.2540859009348,"Não existência de fumo, vidros abertos, AC desligado",0
48,VP-35-44,41.5608 -8.3968,2020-11-21 12:34:56,14.1,27.1,26.5723828125,25794,31.002206636912664,1018.5578124605286,-44.09774350232448,"Não existência de fumo, vidros abertos, AC desligado",0
47,VP-35-44,41.5608 -8.3968,2020-11-21 12:34:45,18.0,39.9,26.5930859375,25749,31.294091751409965,1018.53095847193,-43.875107151217165,"Não existência de fumo, vidros abertos, AC desligado",0
46,VP-35-44,41.5608 -8.3968,2020-11-21 12:34:35,18.0,39.9,26.604609375,25556,32.135098453120946,1018.5412417076466,-43.96036216458294,"Não existência de fumo, vidros abertos, AC desligado",0
45,VP-35-44,41.5608 -8.3968,2020-11-21 12:34:24,18.0,39.9,26.6079296875,25541,31.490977520076463,1018.656486551681,-44.91577258150114,"Não existência de fumo, vidros abertos, AC desligado",0
44,VP-35-44,41.5608 -8.3968,2020-11-21 12:34:13,18.0,39.9,26.6048046875,25660,31.10541051612164,1019.0433779875099,-48.122565549162616,"Não existência de fumo, vidros abertos, AC desligado",0
43,VP-35-44,41.5608 -8.3968,2020-11-21 12:34:03,18.0,39.9,26.595625,25630,31.26081965616701,1019.6224037724497,-52.920044356549845,"Não existência de fumo, vidros abertos, AC desligado",0
42,VP-35-44,41.5608 -8.3968,2020-11-21 12:33:52,15.6,42.4,26.57921875,25380,32.909793575067425,1020.450858295272,-59.78031345423432,"Não existência de fumo, vidros abertos, AC desligado",0
41,VP-35-44,41.5608 -8.3968,2020-11-21 12:33:41,15.6,42.4,26.5628125,25482,33.02121598530584,1017.8486159818594,-38.21646607056529,"Não existência de fumo, vidros abertos, AC desligado",0
40,VP-35-44,41.5608 -8.3968,2020-11-21 12:33:30,15.6,42.4,26.6001171875,25207,32.74246236023933,1017.0476233952336,-31.56994366023011,"Não existência de fumo, vidros abertos, AC desligado",0
39,VP-35-44,41.5608 -8.3968,2020-11-21 12:33:20,15.6,42.4,26.6524609375,25749,32.4655779487406,1016.7957515367807,-29.479070922013936,"Não existência de fumo, vidros abertos, AC desligado",0
38,VP-35-44,41.5608 -8.3968,2020-11-21 12:33:09,15.6,42.4,26.73859375,25779,33.11672735705859,1016.4460603442004,-26.57547168352496,"Não existência de fumo, vidros abertos, AC desligado",0
37,VP-35-44,41.5608 -8.3968,2020-11-21 12:32:57,15.6,42.4,26.8633984375,25764,33.59293070557524,1015.959387476548,-22.533122778355388,"Não existência de fumo, vidros abertos, AC desligado",0
36,VP-35-44,41.5608 -8.3968,2020-11-21 12:32:45,17.4,34.4,27.0040234375,26145,32.644452430165906,1015.4635877970227,-18.41335314338431,"Não existência de fumo, vidros abertos, AC desligado",0
35,VP-35-44,41.5608 -8.3968,2020-11-21 12:32:35,17.4,34.4,27.13859375,26098,32.121965219925116,1015.0813495940296,-15.236092788583068,"Não existência de fumo, vidros abertos, AC desligado",0
34,VP-35-44,41.5608 -8.3968,2020-11-21 12:32:24,17.4,34.4,27.2567578125,25855,32.0877893866855,1014.8463465958491,-13.282207677927406,"Não existência de fumo, vidros abertos, AC desligado",0
33,VP-35-44,41.5608 -8.3968,2020-11-21 12:32:13,17.4,34.4,27.3477734375,25409,31.25525064789108,1014.8003752066219,-12.89994497689351,"Não existência de fumo, vidros abertos, AC desligado",0
32,VP-35-44,41.5608 -8.3968,2020-11-21 12:32:02,17.4,34.4,27.4071484375,25645,29.941666540005926,1014.9030392894717,-13.75360119052406,"Não existência de fumo, vidros abertos, AC desligado",0
31,VP-35-44,41.5608 -8.3968,2020-11-21 12:31:52,16.0,33.5,27.419453125,25322,29.948267794852285,1015.0209155704184,-14.733661254324472,"Não existência de fumo, vidros abertos, AC desligado",0
30,VP-35-44,41.5608 -8.3968,2020-11-21 12:31:40,16.0,33.5,27.35890625,25468,30.347970062437426,1015.2407417847858,-16.561118617753024,"Não existência de fumo, vidros abertos, AC desligado",0
29,VP-35-44,41.5608 -8.3968,2020-11-21 12:31:28,16.0,33.5,27.208125,25779,30.445927358183972,1015.5216018255253,-18.8954957362503,"Não existência de fumo, vidros abertos, AC desligado",0
28,VP-35-44,41.5608 -8.3968,2020-11-21 12:31:18,16.0,33.5,26.971796875,25749,32.016879303532264,1015.8168168765203,-21.348621532148012,"Não existência de fumo, vidros abertos, AC desligado",0
27,VP-35-44,41.5608 -8.3968,2020-11-21 12:31:07,16.0,33.5,26.778046875,25719,32.111567852626635,1016.0996691153772,-23.698475579382542,"Não existência de fumo, vidros abertos, AC desligado",0
26,VP-35-44,41.5608 -8.3968,2020-11-21 12:30:55,16.0,33.5,26.6493359375,25149,32.48780897493971,1016.3375868215744,-25.674616526575434,"Não existência de fumo, vidros abertos, AC desligado",0
25,VP-35-44,41.5608 -8.3968,2020-11-21 12:30:44,13.2,26.6,26.5403515625,24550,32.39902828839831,1016.4632012605593,-26.717817114409343,"Não existência de fumo, vidros abertos, AC desligado",0
24,VP-35-44,41.5608 -8.3968,2020-11-21 12:30:34,13.2,26.6,26.3649609375,22378,33.36466097833755,1016.5125341346256,-27.127487353171535,"Não existência de fumo, vidros abertos, AC desligado",0
23,VP-35-44,41.5608 -8.3968,2020-11-21 12:30:23,13.2,26.6,26.0676953125,21403,33.399087315615965,1016.6274415070177,-28.081639174184254,"Não existência de fumo, vidros abertos, AC desligado",0
22,VP-35-44,41.5608 -8.3968,2020-11-21 12:30:11,13.2,26.6,25.6219921875,20415,33.300961116021874,1016.8574577976905,-29.991354063323406,"Não existência de fumo, vidros abertos, AC desligado",0
21,VP-35-44,41.5608 -8.3968,2020-11-21 12:30:00,13.2,26.6,25.0005078125,18564,33.333651409316424,1017.152719107141,-32.44225443080804,"Não existência de fumo, vidros abertos, AC desligado",0
20,VP-35-44,41.5608 -8.3968,2020-11-21 12:28:44,10.2,16.7,24.255390625,29255,37.756004445053236,1017.4741860875847,-35.110027476996805,"Não existência de fumo, vidros abertos, AC desligado",0
19,VP-35-44,41.5608 -8.3968,2020-11-21 12:28:33,10.2,16.7,24.0950390625,29294,38.7819597347144,1017.8602520941646,-38.312989659861245,"Não existência de fumo, vidros abertos, AC desligado",0
18,VP-35-44,41.5608 -8.3968,2020-11-21 12:28:22,10.2,16.7,23.9716015625,29294,37.535752306610775,1017.7378667517177,-37.29773708871799,"Não existência de fumo, vidros abertos, AC desligado",0
17,VP-35-44,41.5608 -8.3968,2020-11-21 12:28:11,10.2,16.7,23.9282421875,29469,38.333038355515086,1017.699193291533,-36.976899277323,"Não existência de fumo, vidros abertos, AC desligado",0
16,VP-35-44,41.5608 -8.3968,2020-11-21 12:27:59,10.2,16.7,23.873359375,29647,38.24006120588507,1017.6293311185125,-36.39729263254848,"Não existência de fumo, vidros abertos, AC desligado",0
15,VP-35-44,41.5608 -8.3968,2020-11-21 12:27:48,15.7,20.0,23.7962109375,29787,38.48256364149563,1017.5608435324997,-35.82905887796303,"Não existência de fumo, vidros abertos, AC desligado",0
14,VP-35-44,41.5608 -8.3968,2020-11-21 12:27:38,15.7,20.0,23.6872265625,29391,38.76294701174283,1017.4726961996025,-35.09766484828955,"Não existência de fumo, vidros abertos, AC desligado",0
13,VP-35-44,41.5608 -8.3968,2020-11-21 12:27:26,15.7,20.0,23.53859375,29352,39.53736443595317,1017.3883709952044,-34.39793654467459,"Não existência de fumo, vidros abertos, AC desligado",0
12,VP-35-44,41.5608 -8.3968,2020-11-21 12:27:15,15.7,20.0,23.3579296875,28780,40.10572365687812,1017.3723989524442,-34.265395668955904,"Não existência de fumo, vidros abertos, AC desligado",0
11,VP-35-44,41.5608 -8.3968,2020-11-21 12:27:03,15.7,20.0,23.2051953125,28686,39.89549775533091,1017.3729987784012,-34.27037323789424,"Não existência de fumo, vidros abertos, AC desligado",0
10,VP-35-44,41.5608 -8.3968,2020-11-21 12:26:45,8.4,14.4,23.1001171875,30674,40.53183762956411,1017.3552500580425,-34.12308704423924,"Não existência de fumo, vidros abertos, AC desligado",0
9,VP-35-44,41.5608 -8.3968,2020-11-21 12:26:35,8.4,14.4,22.9723828125,30484,40.353175382355516,1017.3173202428939,-33.808322837637306,"Não existência de fumo, vidros abertos, AC desligado",0
8,VP-35-44,41.5608 -8.3968,2020-11-21 12:26:24,8.4,14.4,22.8153515625,30152,41.210268161905084,1017.2308830381604,-33.090979905915816,"Não existência de fumo, vidros abertos, AC desligado",0
7,VP-35-44,41.5608 -8.3968,2020-11-21 12:26:12,8.4,14.4,22.652265625,29988,42.24350530895015,1017.1776559220848,-32.64922316463954,"Não existência de fumo, vidros abertos, AC desligado",0
6,VP-35-44,41.5608 -8.3968,2020-11-21 12:26:02,8.4,14.4,22.4747265625,29887,42.27160463843009,1017.1575584718626,-32.48242015378955,"Não existência de fumo, vidros abertos, AC desligado",0
5,VP-35-44,41.5608 -8.3968,2020-11-21 12:25:51,7.8,13.6,22.2784375,29528,44.226340135946444,1017.1893806387599,-32.746533681692725,"Não existência de fumo, vidros abertos, AC desligado",0
4,VP-35-44,41.5608 -8.3968,2020-11-21 12:25:39,7.8,13.6,22.063203125,29807,46.54233328881429,1017.2519380941028,-33.26572050071583,"Não existência de fumo, vidros abertos, AC desligado",0
3,VP-35-44,41.5608 -8.3968,2020-11-21 12:25:29,7.8,13.6,21.8856640625,29627,44.833082508009,1017.2728802814881,-33.43952146926346,"Não existência de fumo, vidros abertos, AC desligado",0
2,VP-35-44,41.5608 -8.3968,2020-11-21 12:25:18,7.8,13.6,21.8118359375,29667,42.812649373571666,1017.2682562141553,-33.40114619609182,"Não existência de fumo, vidros abertos, AC desligado",0
1,VP-35-44,41.5608 -8.3968,2020-11-21 12:25:07,7.8,13.6,21.7596875,29687,40.54243251961363,1017.2787554603066,-33.48827955037031,"Não existência de fumo, vidros abertos, AC desligado",0
