id,carId,carLocation,timeValue,pm25,pm10,temperature,gas,humidity,pressure,altitude,tags,classification
732,66-ZZ-66,41.5608 -8.3968,2020-11-25 12:50:36,6.3,10.8,21.988203125,56356,36.0506919556375,974.0043533092827,331.99357095467195,"Não existência de fumo, vidros fechados, AC ligado",0
731,66-ZZ-66,41.5608 -8.3968,2020-11-25 12:50:25,6.3,10.3,21.9784375,56176,36.3414599127555,974.1254327969552,330.952789349161,"Não existência de fumo, vidros fechados, AC ligado",0
730,66-ZZ-66,41.5608 -8.3968,2020-11-25 12:50:14,6.2,8.4,21.9614453125,56356,36.45664760789753,974.2752205998142,329.6653801905217,"Não existência de fumo, vidros fechados, AC ligado",0
729,66-ZZ-66,41.5608 -8.3968,2020-11-25 12:50:03,6.1,8.4,21.9426953125,55609,36.86443900239421,974.41362447185,328.475957073428,"Não existência de fumo, vidros fechados, AC ligado",0
728,66-ZZ-66,41.5608 -8.3968,2020-11-25 12:49:52,6.3,8.9,21.916328125,55574,36.76227915823515,974.5766911788296,327.0747605901542,"Não existência de fumo, vidros fechados, AC ligado",0
727,66-ZZ-66,41.5608 -8.3968,2020-11-25 12:49:41,6.4,10.6,21.8841015625,55715,36.6888824445686,974.7994992339952,325.16052665431573,"Não existência de fumo, vidros fechados, AC ligado",0
726,66-ZZ-66,41.5608 -8.3968,2020-11-25 12:49:30,6.2,10.3,21.8508984375,56033,36.294070065857504,974.9190424072624,324.13362902554667,"Não existência de fumo, vidros fechados, AC ligado",0
725,66-ZZ-66,41.5608 -8.3968,2020-11-25 12:49:19,6.2,10.1,21.8110546875,55927,36.13271490019122,974.8887053234604,324.39422044602014,"Não existência de fumo, vidros fechados, AC ligado",0
724,66-ZZ-66,41.5608 -8.3968,2020-11-25 12:49:08,6.0,7.9,21.771015625,55891,35.826010253755,974.7936883406396,325.21044588516344,"Não existência de fumo, vidros fechados, AC ligado",0
723,66-ZZ-66,41.5608 -8.3968,2020-11-25 12:48:57,5.9,8.1,21.731171875,56464,35.206788235260625,974.6194095942101,326.7077219862352,"Não existência de fumo, vidros fechados, AC ligado",0
722,66-ZZ-66,41.5608 -8.3968,2020-11-25 12:48:46,5.7,8.0,21.691328125,56464,35.232000068365394,974.4468400152624,328.19052778936265,"Não existência de fumo, vidros fechados, AC ligado",0
721,66-ZZ-66,41.5608 -8.3968,2020-11-25 12:48:35,5.6,8.2,21.651875,55750,35.100864580393555,974.2969431869557,329.4786903268761,"Não existência de fumo, vidros fechados, AC ligado",0
720,66-ZZ-66,41.5608 -8.3968,2020-11-25 12:48:25,5.3,8.0,21.6106640625,54985,34.929216552154664,974.1119847717732,331.0683814399297,"Não existência de fumo, vidros fechados, AC ligado",0
719,66-ZZ-66,41.5608 -8.3968,2020-11-25 12:48:14,4.9,8.0,21.567109375,53289,35.423176116440914,973.9417921400467,332.5313786841096,"Não existência de fumo, vidros fechados, AC ligado",0
718,66-ZZ-66,41.5608 -8.3968,2020-11-25 12:48:03,4.8,8.1,21.5188671875,56464,35.14625076277064,973.7469402012404,334.2066046161258,"Não existência de fumo, vidros fechados, AC ligado",0
717,66-ZZ-66,41.5608 -8.3968,2020-11-25 12:47:47,4.4,6.7,21.4727734375,56939,35.28671340450041,973.5708931267244,335.7203904574359,"Não existência de fumo, vidros fechados, AC ligado",0
716,66-ZZ-66,41.5608 -8.3968,2020-11-25 12:47:36,4.0,6.1,21.4376171875,56573,35.64887680278152,973.4586347772788,336.68578834583815,"Não existência de fumo, vidros fechados, AC ligado",0
715,66-ZZ-66,41.5608 -8.3968,2020-11-25 12:47:25,3.8,6.5,21.4016796875,56537,35.825611785455195,973.250315608038,338.4775276946928,"Não existência de fumo, vidros fechados, AC ligado",0
714,66-ZZ-66,41.5608 -8.3968,2020-11-25 12:47:14,3.7,6.4,21.3665234375,55644,36.56832773299161,972.9654585224774,340.92806727487414,"Não existência de fumo, vidros fechados, AC ligado",0
713,66-ZZ-66,41.5608 -8.3968,2020-11-25 12:47:04,3.7,6.3,21.3368359375,55539,36.93397878475636,972.6727385945238,343.446853783636,"Não existência de fumo, vidros fechados, AC ligado",0
712,66-ZZ-66,41.5608 -8.3968,2020-11-25 12:46:53,3.5,5.7,21.3169140625,55399,37.031624136974955,972.4266263049648,345.5650674662853,"Não existência de fumo, vidros fechados, AC ligado",0
711,66-ZZ-66,41.5608 -8.3968,2020-11-25 12:46:42,3.5,6.2,21.3137890625,55226,37.62434649391086,972.1964096260896,347.546865426983,"Não existência de fumo, vidros fechados, AC ligado",0
710,66-ZZ-66,41.5608 -8.3968,2020-11-25 12:46:31,3.5,6.2,21.306171875,54814,37.75895403022297,972.1026145144892,348.3544004971348,"Não existência de fumo, vidros fechados, AC ligado",0
709,66-ZZ-66,41.5608 -8.3968,2020-11-25 12:46:20,3.0,5.0,21.30265625,55122,37.582068277654045,972.1035806297083,348.34608234420784,"Não existência de fumo, vidros fechados, AC ligado",0
708,66-ZZ-66,41.5608 -8.3968,2020-11-25 12:46:09,2.5,3.9,21.3118359375,54950,37.342033679439936,972.1813407796403,347.6765973801872,"Não existência de fumo, vidros fechados, AC ligado",0
707,66-ZZ-66,41.5608 -8.3968,2020-11-25 12:45:58,2.0,4.2,21.31828125,54712,37.79549155447892,972.3019702326416,346.6381100135195,"Não existência de fumo, vidros fechados, AC ligado",0
706,66-ZZ-66,41.5608 -8.3968,2020-11-25 12:45:47,1.9,4.5,21.3175,54274,38.02527154378351,972.491896512299,345.00326433630204,"Não existência de fumo, vidros fechados, AC ligado",0
705,66-ZZ-66,41.5608 -8.3968,2020-11-25 12:45:36,1.5,3.8,21.3133984375,54074,38.32004633680413,972.7135686222034,343.0954841146183,"Não existência de fumo, vidros fechados, AC ligado",0
704,66-ZZ-66,41.5608 -8.3968,2020-11-25 12:45:25,1.2,3.7,21.3040234375,53974,38.70367263723481,972.9028385836477,341.46684560579985,"Não existência de fumo, vidros fechados, AC ligado",0
703,66-ZZ-66,41.5608 -8.3968,2020-11-25 12:45:15,1.0,2.8,21.29171875,53613,38.96327857847006,973.259863816503,338.39539739739695,"Não existência de fumo, vidros fechados, AC ligado",0
702,66-ZZ-66,41.5608 -8.3968,2020-11-25 12:45:04,1.1,3.2,21.2755078125,53386,39.05064836483473,973.6544182091596,335.00215102193175,"Não existência de fumo, vidros fechados, AC ligado",0
701,66-ZZ-66,41.5608 -8.3968,2020-11-25 12:44:53,1.0,1.9,21.2532421875,53548,39.208735226442144,974.0051025716333,331.98713008273313,"Não existência de fumo, vidros fechados, AC ligado",0
700,66-ZZ-66,41.5608 -8.3968,2020-11-25 12:44:42,1.1,1.7,21.2175,53418,39.44292766749239,974.2810188428714,329.61554817182486,"Não existência de fumo, vidros fechados, AC ligado",0
699,66-ZZ-66,41.5608 -8.3968,2020-11-25 12:44:31,1.1,2.3,21.17296875,52715,39.736139163302994,974.4780658580947,327.922203672766,"Não existência de fumo, vidros fechados, AC ligado",0
698,66-ZZ-66,41.5608 -8.3968,2020-11-25 12:44:20,1.2,2.7,21.1204296875,51908,40.034995684378735,974.6009215872853,326.86657019933085,"Não existência de fumo, vidros fechados, AC ligado",0
697,66-ZZ-66,41.5608 -8.3968,2020-11-25 12:44:10,1.2,2.7,21.0532421875,51483,39.64032973020525,974.6538276019724,326.41201034444697,"Não existência de fumo, vidros fechados, AC ligado",0
696,66-ZZ-66,41.5608 -8.3968,2020-11-25 12:43:59,1.2,2.0,20.979609375,49881,40.032283864592735,974.608080793514,326.8050582974229,"Não existência de fumo, vidros fechados, AC ligado",0
695,66-ZZ-66,41.5608 -8.3968,2020-11-25 12:43:47,1.1,1.8,20.8989453125,52558,40.11944688584581,974.5540661132768,327.2691614782938,"Não existência de fumo, vidros fechados, AC ligado",0
694,66-ZZ-66,41.5608 -8.3968,2020-11-25 12:43:31,1.1,2.2,20.8114453125,52495,40.223859461132854,974.4954864059926,327.7725116794765,"Não existência de fumo, vidros fechados, AC ligado",0
693,66-ZZ-66,41.5608 -8.3968,2020-11-25 12:43:20,1.1,2.1,20.718671875,51755,40.297873532282466,974.4095631867326,328.51085722974153,"Não existência de fumo, vidros fechados, AC ligado",0
692,66-ZZ-66,41.5608 -8.3968,2020-11-25 12:43:09,1.0,1.7,20.59953125,50250,40.63251173666887,974.5707354672369,327.12593337473857,"Não existência de fumo, vidros fechados, AC ligado",0
691,66-ZZ-66,41.5608 -8.3968,2020-11-25 12:42:58,0.9,1.3,20.471015625,48749,40.73885907832624,974.6942905680952,326.0643726176213,"Não existência de fumo, vidros fechados, AC ligado",0
690,66-ZZ-66,41.5608 -8.3968,2020-11-25 12:42:46,1.0,1.3,20.324921875,43670,40.95736597826555,974.8376093049375,324.83314313320545,"Não existência de fumo, vidros fechados, AC ligado",0
689,66-ZZ-66,41.5608 -8.3968,2020-11-25 12:42:35,1.1,1.8,20.151875,50079,41.497941308633884,974.9394881154508,323.9580068788416,"Não existência de fumo, vidros fechados, AC ligado",0
688,66-ZZ-66,41.5608 -8.3968,2020-11-25 12:42:10,1.2,3.1,20.0110546875,53032,41.8926722512807,974.9983321226648,323.4525721675514,"Não existência de fumo, vidros fechados, AC ligado",0
687,66-ZZ-66,41.5608 -8.3968,2020-11-25 12:41:53,1.2,3.0,19.864765625,53225,42.15468781102752,974.939935117765,323.95416730409266,"Não existência de fumo, vidros fechados, AC ligado",0
686,66-ZZ-66,41.5608 -8.3968,2020-11-25 12:41:40,1.0,2.8,19.7065625,52464,42.24042256642753,974.8870446915428,324.4084852377017,"Não existência de fumo, vidros fechados, AC ligado",0
685,66-ZZ-66,41.5608 -8.3968,2020-11-25 12:41:30,1.1,4.3,19.54953125,55891,42.41095957223643,974.9018350336148,324.2814372170529,"Não existência de fumo, vidros fechados, AC ligado",0
684,66-ZZ-66,41.5608 -8.3968,2020-11-25 12:41:14,1.2,3.8,19.420234375,55539,42.657264932767745,975.0671192973376,322.86176292591887,"Não existência de fumo, vidros fechados, AC ligado",0
683,66-ZZ-66,41.5608 -8.3968,2020-11-25 12:41:03,1.1,2.4,19.301875,55504,42.917183031945186,975.2116092204652,321.6208568491905,"Não existência de fumo, vidros fechados, AC ligado",0
682,66-ZZ-66,41.5608 -8.3968,2020-11-25 12:40:52,1.1,1.9,19.1675,55821,43.24859568481778,975.3378444025284,320.5368476899561,"Não existência de fumo, vidros fechados, AC ligado",0
681,66-ZZ-66,41.5608 -8.3968,2020-11-25 12:40:42,1.1,2.8,19.0235546875,55785,43.4700036370051,975.387357566386,320.1116983235365,"Não existência de fumo, vidros fechados, AC ligado",0
680,66-ZZ-66,41.5608 -8.3968,2020-11-25 12:40:31,1.2,2.7,18.8778515625,55750,43.84985943623784,975.376519855774,320.20475583539815,"Não existência de fumo, vidros fechados, AC ligado",0
679,66-ZZ-66,41.5608 -8.3968,2020-11-25 12:40:20,1.3,2.5,18.71984375,55785,44.1924604500268,975.3569672194501,320.37264578039594,"Não existência de fumo, vidros fechados, AC ligado",0
678,66-ZZ-66,41.5608 -8.3968,2020-11-25 12:40:09,1.4,3.6,18.5626171875,55750,44.750014101146014,975.368946205598,320.26978713695974,"Não existência de fumo, vidros fechados, AC ligado",0
677,66-ZZ-66,41.5608 -8.3968,2020-11-25 12:39:59,1.4,3.5,18.4005078125,55679,45.16740114664622,975.3727043641665,320.2375175807305,"Não existência de fumo, vidros fechados, AC ligado",0
676,66-ZZ-66,41.5608 -8.3968,2020-11-25 12:39:47,1.2,3.0,18.2438671875,55962,45.91894943181899,975.368588873904,320.27285538293324,"Não existência de fumo, vidros fechados, AC ligado",0
675,66-ZZ-66,41.5608 -8.3968,2020-11-25 12:39:36,1.2,2.1,18.0833203125,55019,46.60502434630446,975.3814548870253,320.162381309005,"Não existência de fumo, vidros fechados, AC ligado",0
674,66-ZZ-66,41.5608 -8.3968,2020-11-25 12:39:25,1.2,2.2,17.9128125,55019,47.25519425544885,975.4786573365956,319.32779020956286,"Não existência de fumo, vidros fechados, AC ligado",0
673,66-ZZ-66,41.5608 -8.3968,2020-11-25 12:39:14,1.4,2.3,17.73625,54441,47.76978243150259,975.5841323735796,318.42224592397633,"Não existência de fumo, vidros fechados, AC ligado",0
672,66-ZZ-66,41.5608 -8.3968,2020-11-25 12:39:03,1.4,2.2,17.5618359375,53192,48.36719748003289,975.684575736544,317.55997420672384,"Não existência de fumo, vidros fechados, AC ligado",0
671,66-ZZ-66,41.5608 -8.3968,2020-11-25 12:38:52,1.5,2.4,17.3966015625,56646,49.080432973497075,975.7614137090603,316.90039516747413,"Não existência de fumo, vidros fechados, AC ligado",0
670,66-ZZ-66,41.5608 -8.3968,2020-11-25 12:38:36,1.6,2.6,17.23078125,56902,49.6199943847363,975.8623450965524,316.03406156409216,"Não existência de fumo, vidros fechados, AC ligado",0
669,66-ZZ-66,41.5608 -8.3968,2020-11-25 12:38:26,1.6,2.6,17.0563671875,56755,49.851076184810104,975.9824310987613,315.0034109116138,"Não existência de fumo, vidros fechados, AC ligado",0
668,66-ZZ-66,41.5608 -8.3968,2020-11-25 12:38:15,1.5,2.5,16.8801953125,56755,50.1074164746406,976.052335891512,314.4034930116053,"Não existência de fumo, vidros fechados, AC ligado",0
667,66-ZZ-66,41.5608 -8.3968,2020-11-25 12:38:04,1.6,2.7,16.679609375,56828,50.54435787143635,976.1066285827553,313.9375810452914,"Não existência de fumo, vidros fechados, AC ligado",0
666,66-ZZ-66,41.5608 -8.3968,2020-11-25 12:37:54,1.8,3.7,16.4473828125,57234,51.0417712463606,976.1013085768224,313.9832336740605,"Não existência de fumo, vidros fechados, AC ligado",0
665,66-ZZ-66,41.5608 -8.3968,2020-11-25 12:37:43,2.1,3.8,16.195234375,57384,51.804983041299494,976.055865250214,314.37320523183195,"Não existência de fumo, vidros fechados, AC ligado",0
664,66-ZZ-66,41.5608 -8.3968,2020-11-25 12:37:32,2.2,4.7,15.9286328125,57684,52.441612234311854,975.9441537470708,315.3319191302108,"Não existência de fumo, vidros fechados, AC ligado",0
663,66-ZZ-66,41.5608 -8.3968,2020-11-25 12:37:22,2.1,5.4,15.656171875,57609,52.957848486900595,975.8124053481504,316.4627049026078,"Não existência de fumo, vidros fechados, AC ligado",0
662,66-ZZ-66,41.5608 -8.3968,2020-11-25 12:37:11,2.0,5.5,15.403046875,57760,53.50338730527203,975.6606907827213,317.7650118046763,"Não existência de fumo, vidros fechados, AC ligado",0
661,66-ZZ-66,41.5608 -8.3968,2020-11-25 12:37:00,1.9,5.2,15.1333203125,57797,54.33803480038702,975.5632884283377,318.60119302954945,"Não existência de fumo, vidros fechados, AC ligado",0
660,66-ZZ-66,41.5608 -8.3968,2020-11-25 12:36:49,2.0,4.2,14.868671875,57797,54.227842181523435,975.5914008456388,318.3598461792025,"Não existência de fumo, vidros fechados, AC ligado",0
659,66-ZZ-66,41.5608 -8.3968,2020-11-25 12:36:38,2.2,4.1,14.649140625,57458,54.593667717440866,975.6743254603799,317.64796600809296,"Não existência de fumo, vidros fechados, AC ligado",0
658,66-ZZ-66,41.5608 -8.3968,2020-11-25 12:36:28,2.2,4.3,14.43546875,56141,54.638066450810214,975.7567154368854,316.94072404381734,"Não existência de fumo, vidros fechados, AC ligado",0
657,66-ZZ-66,41.5608 -8.3968,2020-11-25 12:36:17,2.5,4.8,14.2378125,59395,55.084843614227545,975.8756198533484,315.9201245294284,"Não existência de fumo, vidros fechados, AC ligado",0
656,66-ZZ-66,41.5608 -8.3968,2020-11-25 12:36:01,2.4,5.8,14.0966015625,59676,55.37125272256466,975.9931091867053,314.91177007809847,"Não existência de fumo, vidros fechados, AC ligado",0
655,66-ZZ-66,41.5608 -8.3968,2020-11-25 12:35:50,2.6,5.0,13.9809765625,59636,55.60291694417115,976.1498274252904,313.56688577529843,"Não existência de fumo, vidros fechados, AC ligado",0
654,66-ZZ-66,41.5608 -8.3968,2020-11-25 12:35:39,2.8,5.0,13.8966015625,60247,55.9490827486881,976.1628854733534,313.4548354649637,"Não existência de fumo, vidros fechados, AC ligado",0
653,66-ZZ-66,41.5608 -8.3968,2020-11-25 12:35:27,3.0,5.0,13.84171875,59960,55.9811439385094,976.1548969581584,313.52338428024916,"Não existência de fumo, vidros fechados, AC ligado",0
652,66-ZZ-66,41.5608 -8.3968,2020-11-25 12:35:16,3.1,5.0,13.8137890625,59475,56.088041397662884,976.1433924722896,313.62210415912114,"Não existência de fumo, vidros fechados, AC ligado",0
651,66-ZZ-66,41.5608 -8.3968,2020-11-25 12:35:06,3.3,5.3,13.8126171875,59076,56.34142037424824,976.0511119527786,314.4139964664912,"Não existência de fumo, vidros fechados, AC ligado",0
650,66-ZZ-66,41.5608 -8.3968,2020-11-25 12:34:54,3.6,6.0,13.82609375,57496,56.42770739888609,975.8277249386837,316.3312117541971,"Não existência de fumo, vidros fechados, AC ligado",0
649,66-ZZ-66,41.5608 -8.3968,2020-11-25 12:34:43,4.0,6.6,13.84484375,55226,55.99452244125342,975.5495659564624,318.7190033490429,"Não existência de fumo, vidros fechados, AC ligado",0
648,66-ZZ-66,41.5608 -8.3968,2020-11-25 12:34:32,4.3,6.4,13.87609375,60165,55.304925411519825,975.2203137865171,321.54610518686445,"Não existência de fumo, vidros fechados, AC ligado",0
647,66-ZZ-66,41.5608 -8.3968,2020-11-25 12:34:01,5.6,8.3,13.9110546875,59798,55.231657073082935,975.0026066187004,323.4158577738866,"Não existência de fumo, vidros fechados, AC ligado",0
646,66-ZZ-66,41.5608 -8.3968,2020-11-25 12:33:50,6.0,8.7,13.9532421875,58800,55.68370864164604,974.7534232912128,325.55635461884987,"Não existência de fumo, vidros fechados, AC ligado",0
645,66-ZZ-66,41.5608 -8.3968,2020-11-25 12:33:39,6.9,9.6,13.98703125,57123,56.08385565932561,974.6307390178669,326.61038123878893,"Não existência de fumo, vidros fechados, AC ligado",0
644,66-ZZ-66,41.5608 -8.3968,2020-11-25 12:33:24,8.0,10.6,14.009296875,59515,56.2881919669295,974.5841984065988,327.01025719790823,"Não existência de fumo, vidros fechados, AC ligado",0
643,66-ZZ-66,41.5608 -8.3968,2020-11-25 12:33:13,8.6,10.9,14.0255078125,59435,56.6548556684191,974.5275615598947,327.4969006583774,"Não existência de fumo, vidros fechados, AC ligado",0
642,66-ZZ-66,41.5608 -8.3968,2020-11-25 12:33:02,9.7,11.4,14.0419140625,59355,57.12024824752604,974.5147487395734,327.60699603761407,"Não existência de fumo, vidros fechados, AC ligado",0
641,66-ZZ-66,41.5608 -8.3968,2020-11-25 12:32:51,10.6,12.5,14.0649609375,58644,57.44361697201686,974.6267809710347,326.6443880928918,"Não existência de fumo, vidros fechados, AC ligado",0
640,66-ZZ-66,41.5608 -8.3968,2020-11-25 12:32:40,11.0,12.7,14.1083203125,58488,57.50809968232044,974.7961051506613,325.1896839368586,"Não existência de fumo, vidros fechados, AC ligado",0
639,66-ZZ-66,41.5608 -8.3968,2020-11-25 12:32:29,10.8,12.7,14.1774609375,57346,57.3991609189352,974.9632406565793,323.75398383090624,"Não existência de fumo, vidros fechados, AC ligado",0
638,66-ZZ-66,41.5608 -8.3968,2020-11-25 12:32:19,10.9,12.3,14.2721875,55295,56.960265250554436,975.0173871743367,323.2889060022384,"Não existência de fumo, vidros fechados, AC ligado",0
637,66-ZZ-66,41.5608 -8.3968,2020-11-25 12:32:02,11.3,13.1,14.386640625,58644,55.77707231173034,975.04245313176,323.0736153777075,"Não existência de fumo, vidros fechados, AC ligado",0
636,66-ZZ-66,41.5608 -8.3968,2020-11-25 12:31:52,11.5,12.9,14.5096875,57684,55.70174342738335,974.9679345406616,323.71366607206636,"Não existência de fumo, vidros fechados, AC ligado",0
635,66-ZZ-66,41.5608 -8.3968,2020-11-25 12:31:41,11.5,12.8,14.6231640625,56320,56.405123969146,974.8589546906962,324.64978070884985,"Não existência de fumo, vidros fechados, AC ligado",0
634,66-ZZ-66,41.5608 -8.3968,2020-11-25 12:31:30,11.6,13.0,14.724140625,54173,57.685888333030825,974.7056092549228,325.9671301683802,"Não existência de fumo, vidros fechados, AC ligado",0
633,66-ZZ-66,41.5608 -8.3968,2020-11-25 12:31:19,11.6,13.3,14.8157421875,56141,60.37904226866204,974.5047311411766,327.6930740225854,"Não existência de fumo, vidros fechados, AC ligado",0
632,66-ZZ-66,41.5608 -8.3968,2020-11-25 12:31:03,12.1,13.9,14.8985546875,55399,61.63779385863658,974.270699447577,329.70423663491636,"Não existência de fumo, vidros fechados, AC ligado",0
631,66-ZZ-66,41.5608 -8.3968,2020-11-25 12:30:53,12.2,13.9,14.97921875,55399,60.727216505905545,974.1905113285156,330.39342706890216,"Não existência de fumo, vidros fechados, AC ligado",0
630,66-ZZ-66,41.5608 -8.3968,2020-11-25 12:30:42,12.1,13.5,15.0659375,55434,59.66239083224532,974.1488411978787,330.7515862341098,"Não existência de fumo, vidros fechados, AC ligado",0
629,66-ZZ-66,41.5608 -8.3968,2020-11-25 12:30:32,12.1,14.1,15.1563671875,55226,58.39285315165953,974.1099509590506,331.0858631277139,"Não existência de fumo, vidros fechados, AC ligado",0
628,66-ZZ-66,41.5608 -8.3968,2020-11-25 12:30:21,12.4,14.3,15.2409375,55157,56.45806237220314,974.1014966824868,331.1585323887033,"Não existência de fumo, vidros fechados, AC ligado",0
627,66-ZZ-66,41.5608 -8.3968,2020-11-25 12:30:10,12.5,15.4,15.3298046875,54985,55.319058473420974,974.1051883431461,331.126800426669,"Não existência de fumo, vidros fechados, AC ligado",0
626,66-ZZ-66,41.5608 -8.3968,2020-11-25 12:29:59,12.6,16.4,15.403046875,54041,55.516357206170966,974.0912365083708,331.246725040592,"Não existência de fumo, vidros fechados, AC ligado",0
625,66-ZZ-66,41.5608 -8.3968,2020-11-25 12:29:48,12.3,17.3,15.4501171875,53908,55.70407309836053,974.1091797720312,331.09249189262334,"Não existência de fumo, vidros fechados, AC ligado",0
624,66-ZZ-66,41.5608 -8.3968,2020-11-25 12:29:36,12.1,15.8,15.463984375,53353,56.12842041702128,974.1138036563356,331.0527471975232,"Não existência de fumo, vidros fechados, AC ligado",0
623,66-ZZ-66,41.5608 -8.3968,2020-11-25 12:29:25,12.1,16.1,15.45421875,52873,57.53824759332739,974.1176800039927,331.01942808715484,"Não existência de fumo, vidros fechados, AC ligado",0
622,66-ZZ-66,41.5608 -8.3968,2020-11-25 12:29:13,11.9,14.6,15.40265625,52621,57.23670652679952,974.1224443150677,330.9784766425178,"Não existência de fumo, vidros fechados, AC ligado",0
621,66-ZZ-66,41.5608 -8.3968,2020-11-25 12:29:02,11.3,13.8,15.3133984375,53613,56.148193251433824,974.1214804524756,330.9867614716618,"Não existência de fumo, vidros fechados, AC ligado",0
620,66-ZZ-66,41.5608 -8.3968,2020-11-25 12:28:51,10.9,13.1,15.234296875,53225,56.39203731235276,974.123972678338,330.9653396917214,"Não existência de fumo, vidros fechados, AC ligado",0
619,66-ZZ-66,41.5608 -8.3968,2020-11-25 12:28:40,10.5,13.0,15.167109375,52778,56.761697328437776,974.1211225722791,330.9898376133585,"Não existência de fumo, vidros fechados, AC ligado",0
618,66-ZZ-66,41.5608 -8.3968,2020-11-25 12:28:29,10.3,13.5,15.092890625,52589,57.131126963356984,974.1216356381748,330.985427580872,"Não existência de fumo, vidros fechados, AC ligado",0
617,66-ZZ-66,41.5608 -8.3968,2020-11-25 12:28:18,10.2,12.9,15.01828125,52433,57.573273537460146,974.1147721456657,331.04442254639616,"Não existência de fumo, vidros fechados, AC ligado",0
616,66-ZZ-66,41.5608 -8.3968,2020-11-25 12:28:06,10.4,13.6,14.9466015625,52969,57.97078500893277,974.1077362700128,331.10489957596883,"Não existência de fumo, vidros fechados, AC ligado",0
615,66-ZZ-66,41.5608 -8.3968,2020-11-25 12:27:55,10.8,14.6,14.876484375,52371,59.14749787025155,974.1032809385727,331.14319566182166,"Não existência de fumo, vidros fechados, AC ligado",0
614,66-ZZ-66,41.5608 -8.3968,2020-11-25 12:27:44,10.6,14.8,14.7962109375,52558,58.6749067061525,974.1020006240982,331.1542007128696,"Não existência de fumo, vidros fechados, AC ligado",0
613,66-ZZ-66,41.5608 -8.3968,2020-11-25 12:27:33,10.5,14.8,14.7440625,52778,58.378261476918404,974.1073163635474,331.10850890274963,"Não existência de fumo, vidros fechados, AC ligado",0
612,66-ZZ-66,41.5608 -8.3968,2020-11-25 12:27:22,9.6,13.7,14.7122265625,52464,58.86829672510604,974.106239570552,331.117764535926,"Não existência de fumo, vidros fechados, AC ligado",0
611,66-ZZ-66,41.5608 -8.3968,2020-11-25 12:27:10,9.9,13.8,14.681953125,52154,59.32668662106286,974.1077599259723,331.1046962400367,"Não existência de fumo, vidros fechados, AC ligado",0
610,66-ZZ-66,41.5608 -8.3968,2020-11-25 12:27:00,9.7,13.7,14.653828125,51877,60.19783383613059,974.1145279699052,331.0465213587865,"Não existência de fumo, vidros fechados, AC ligado",0
609,66-ZZ-66,41.5608 -8.3968,2020-11-25 12:26:48,9.7,13.4,14.626875,51664,59.01545658338909,974.1282672540584,330.92842602434985,"Não existência de fumo, vidros fechados, AC ligado",0
608,66-ZZ-66,41.5608 -8.3968,2020-11-25 12:26:37,9.7,12.7,14.606171875,52308,58.557724367156574,974.1390118932504,330.8360719516732,"Não existência de fumo, vidros fechados, AC ligado",0
607,66-ZZ-66,41.5608 -8.3968,2020-11-25 12:26:26,10.0,14.1,14.6044140625,51847,57.6244854760796,974.1427835595553,330.803653306769,"Não existência de fumo, vidros fechados, AC ligado",0
606,66-ZZ-66,41.5608 -8.3968,2020-11-25 12:26:15,10.1,14.8,14.6184765625,52371,57.665637500186214,974.131030563888,330.9046742948769,"Não existência de fumo, vidros fechados, AC ligado",0
605,66-ZZ-66,41.5608 -8.3968,2020-11-25 12:26:04,10.0,15.0,14.6426953125,52184,57.400157281768294,974.127812481734,330.9323349756873,"Não existência de fumo, vidros fechados, AC ligado",0
604,66-ZZ-66,41.5608 -8.3968,2020-11-25 12:25:53,9.6,13.4,14.67140625,51634,56.75678228971762,974.1320708057651,330.8957330229566,"Não existência de fumo, vidros fechados, AC ligado",0
603,66-ZZ-66,41.5608 -8.3968,2020-11-25 12:25:42,9.5,12.7,14.7184765625,51453,55.87092579757026,974.1266942346632,330.9419467660509,"Não existência de fumo, vidros fechados, AC ligado",0
602,66-ZZ-66,41.5608 -8.3968,2020-11-25 12:25:30,9.2,13.2,14.78546875,50801,55.341068421015116,974.125995938332,330.94794891279946,"Não existência de fumo, vidros fechados, AC ligado",0
601,66-ZZ-66,41.5608 -8.3968,2020-11-25 12:25:20,9.2,14.2,14.8860546875,49322,54.68771007745836,974.1259126163395,330.94866510012844,"Não existência de fumo, vidros fechados, AC ligado",0
600,66-ZZ-66,41.5608 -8.3968,2020-11-25 12:25:03,8.7,13.4,15.0094921875,51483,54.57405764806905,974.1219282593222,330.98291237113466,"Não existência de fumo, vidros fechados, AC ligado",0
599,66-ZZ-66,41.5608 -8.3968,2020-11-25 12:24:51,8.5,12.3,15.14875,51125,54.99197662142909,974.1123597812084,331.0651580402427,"Não existência de fumo, vidros fechados, AC ligado",0
598,66-ZZ-66,41.5608 -8.3968,2020-11-25 12:24:40,8.4,11.9,15.30109375,49768,55.97098245124528,974.1010073977161,331.1627380820743,"Não existência de fumo, vidros fechados, AC ligado",0
597,66-ZZ-66,41.5608 -8.3968,2020-11-25 12:24:29,8.3,12.5,15.4700390625,48032,57.1865483987141,974.1020765127817,331.1535484049617,"Não existência de fumo, vidros fechados, AC ligado",0
596,66-ZZ-66,41.5608 -8.3968,2020-11-25 12:24:18,7.8,12.3,15.656171875,44284,58.373132098795516,974.0947097621687,331.21687015472764,"Não existência de fumo, vidros fechados, AC ligado",0
595,66-ZZ-66,41.5608 -8.3968,2020-11-25 12:24:02,7.2,12.0,15.874921875,48242,57.37687199776468,974.0810245539732,331.33450396052996,"Não existência de fumo, vidros fechados, AC ligado",0
594,66-ZZ-66,41.5608 -8.3968,2020-11-25 12:23:51,7.0,11.8,16.119453125,45471,57.40890582537993,974.0579499273987,331.53284932536303,"Não existência de fumo, vidros fechados, AC ligado",0
593,66-ZZ-66,41.5608 -8.3968,2020-11-25 12:23:40,6.1,11.6,16.38546875,45284,57.10959453358488,974.0384021817084,331.7008812293377,"Não existência de fumo, vidros fechados, AC ligado",0
592,66-ZZ-66,41.5608 -8.3968,2020-11-25 12:23:29,5.9,11.5,16.6606640625,44151,57.38828654890917,973.9951472127001,332.0727095026936,"Não existência de fumo, vidros fechados, AC ligado",0
591,66-ZZ-66,41.5608 -8.3968,2020-11-25 12:23:18,5.8,11.2,16.9440625,43242,56.234959944076536,974.0021326567387,332.01266033811993,"Não existência de fumo, vidros fechados, AC ligado",0
590,66-ZZ-66,41.5608 -8.3968,2020-11-25 12:23:08,6.0,11.5,17.2544140625,42288,54.26328322901133,973.9997258044664,332.03335038908136,"Não existência de fumo, vidros fechados, AC ligado",0
589,66-ZZ-66,41.5608 -8.3968,2020-11-25 12:22:57,6.1,10.7,17.589375,41337,54.04132485861065,974.007469571502,331.96678270604167,"Não existência de fumo, vidros fechados, AC ligado",0
588,66-ZZ-66,41.5608 -8.3968,2020-11-25 12:22:46,8.0,12.7,17.921015625,39381,55.151683301686994,974.0075486101252,331.96610326916766,"Não existência de fumo, vidros fechados, AC ligado",0
571,66-ZZ-66,41.5608 -8.3968,2020-11-25 12:14:08,3.8,8.6,13.44640625,49994,64.15072250781452,974.1075242823047,331.10672172663317,"Não existência de fumo, vidros fechados, AC desligado",0
570,66-ZZ-66,41.5608 -8.3968,2020-11-25 12:13:57,3.5,6.9,13.4411328125,49994,63.95381459407365,974.1137781601407,331.05296635018425,"Não existência de fumo, vidros fechados, AC desligado",0
569,66-ZZ-66,41.5608 -8.3968,2020-11-25 12:13:46,3.2,7.0,13.4360546875,49796,63.899029911610384,974.1186858331861,331.0107825091848,"Não existência de fumo, vidros fechados, AC desligado",0
568,66-ZZ-66,41.5608 -8.3968,2020-11-25 12:13:35,3.3,7.1,13.43390625,49656,63.76358600608928,974.1184476440358,331.012829857011,"Não existência de fumo, vidros fechados, AC desligado",0
567,66-ZZ-66,41.5608 -8.3968,2020-11-25 12:13:25,3.4,9.0,13.4325390625,49433,63.8242032102475,974.1211832790857,330.98931581091045,"Não existência de fumo, vidros fechados, AC desligado",0
566,66-ZZ-66,41.5608 -8.3968,2020-11-25 12:13:14,3.6,9.8,13.43,49433,63.72927601168997,974.1286516095944,330.9251223348228,"Não existência de fumo, vidros fechados, AC desligado",0
565,66-ZZ-66,41.5608 -8.3968,2020-11-25 12:13:03,3.8,9.6,13.428828125,49130,63.71560741643934,974.131712762954,330.8988105353045,"Não existência de fumo, vidros fechados, AC desligado",0
564,66-ZZ-66,41.5608 -8.3968,2020-11-25 12:12:52,3.8,8.0,13.4274609375,48857,63.674902563093745,974.1377913909604,330.84656257020487,"Não existência de fumo, vidros fechados, AC desligado",0
563,66-ZZ-66,41.5608 -8.3968,2020-11-25 12:12:41,3.8,8.3,13.4266796875,48454,63.52630288021132,974.1431752026033,330.80028701879024,"Não existência de fumo, vidros fechados, AC desligado",0
562,66-ZZ-66,41.5608 -8.3968,2020-11-25 12:12:30,3.8,9.0,13.4266796875,48776,63.445353069154436,974.1431752026033,330.80028701879024,"Não existência de fumo, vidros fechados, AC desligado",0
561,66-ZZ-66,41.5608 -8.3968,2020-11-25 12:12:18,3.9,9.1,13.4284375,48615,63.4590833916611,974.1527916077617,330.7176315124987,"Não existência de fumo, vidros fechados, AC desligado",0
560,66-ZZ-66,41.5608 -8.3968,2020-11-25 12:12:07,3.6,7.9,13.431953125,48401,63.311230503298,974.1569806050135,330.68162619694874,"Não existência de fumo, vidros fechados, AC desligado",0
559,66-ZZ-66,41.5608 -8.3968,2020-11-25 12:11:56,3.5,8.0,13.43390625,48058,63.19021377038688,974.1535502488882,330.7111108225899,"Não existência de fumo, vidros fechados, AC desligado",0
558,66-ZZ-66,41.5608 -8.3968,2020-11-25 12:11:45,3.7,7.9,13.440546875,47617,63.09010605775875,974.1529191294777,330.7165354345838,"Não existência de fumo, vidros fechados, AC desligado",0
557,66-ZZ-66,41.5608 -8.3968,2020-11-25 12:11:35,3.8,8.0,13.44796875,47953,62.97669533646626,974.1569333087402,330.6820327176996,"Não existência de fumo, vidros fechados, AC desligado",0
556,66-ZZ-66,41.5608 -8.3968,2020-11-25 12:11:23,3.7,8.8,13.4563671875,47617,62.843305745041974,974.1558887943288,330.69101052814995,"Não existência de fumo, vidros fechados, AC desligado",0
555,66-ZZ-66,41.5608 -8.3968,2020-11-25 12:11:12,3.5,9.1,13.4641796875,45612,62.65617005484972,974.1555388622792,330.69401826590774,"Não existência de fumo, vidros fechados, AC desligado",0
554,66-ZZ-66,41.5608 -8.3968,2020-11-25 12:11:01,3.6,9.2,13.47609375,45331,62.590616400638005,974.1586823620572,330.6669992717732,"Não existência de fumo, vidros fechados, AC desligado",0
553,66-ZZ-66,41.5608 -8.3968,2020-11-25 12:10:50,4.0,9.0,13.4919140625,45099,62.41150711295192,974.1633216528405,330.62712379098116,"Não existência de fumo, vidros fechados, AC desligado",0
552,66-ZZ-66,41.5608 -8.3968,2020-11-25 12:10:39,3.9,9.7,13.5087109375,45191,62.259504660702135,974.1595574331488,330.6594778775122,"Não existência de fumo, vidros fechados, AC desligado",0
551,66-ZZ-66,41.5608 -8.3968,2020-11-25 12:10:28,3.8,8.0,13.5317578125,44642,62.15536544332338,974.1712250479684,330.5591931411095,"Não existência de fumo, vidros fechados, AC desligado",0
550,66-ZZ-66,41.5608 -8.3968,2020-11-25 12:10:18,3.8,7.7,13.55890625,44239,61.77738165781993,974.1746809632463,330.5294892659105,"Não existência de fumo, vidros fechados, AC desligado",0
549,66-ZZ-66,41.5608 -8.3968,2020-11-25 12:10:07,3.7,7.3,13.59328125,43931,61.527967190792545,974.1834912754152,330.45376429640703,"Não existência de fumo, vidros fechados, AC desligado",0
548,66-ZZ-66,41.5608 -8.3968,2020-11-25 12:09:56,3.7,8.4,13.6313671875,43670,61.39282146259987,974.1901223100681,330.39677066610244,"Não existência de fumo, vidros fechados, AC desligado",0
547,66-ZZ-66,41.5608 -8.3968,2020-11-25 12:09:45,3.8,8.4,13.6766796875,43073,61.358841375210496,974.1987591740477,330.3225374377801,"Não existência de fumo, vidros fechados, AC desligado",0
546,66-ZZ-66,41.5608 -8.3968,2020-11-25 12:09:35,3.7,7.8,13.729609375,42574,61.19910340278142,974.2000154328673,330.31174002744683,"Não existência de fumo, vidros fechados, AC desligado",0
545,66-ZZ-66,41.5608 -8.3968,2020-11-25 12:09:24,3.7,10.0,13.789765625,41926,60.82060127767498,974.1982506523309,330.32690813080893,"Não existência de fumo, vidros fechados, AC desligado",0
544,66-ZZ-66,41.5608 -8.3968,2020-11-25 12:09:13,3.7,10.5,13.8649609375,41029,60.59105699450725,974.2031314902607,330.28495789573884,"Não existência de fumo, vidros fechados, AC desligado",0
543,66-ZZ-66,41.5608 -8.3968,2020-11-25 12:09:02,3.5,8.6,13.961640625,39952,60.32475330088775,974.2036374096492,330.280609587093,"Não existência de fumo, vidros fechados, AC desligado",0
542,66-ZZ-66,41.5608 -8.3968,2020-11-25 12:08:46,3.7,16.1,14.0801953125,41029,59.69050313380371,974.2020639997336,330.2941328382832,"Não existência de fumo, vidros fechados, AC desligado",0
541,66-ZZ-66,41.5608 -8.3968,2020-11-25 12:08:35,3.7,16.2,14.22140625,40726,59.107378175146074,974.2113935873473,330.2139465188213,"Não existência de fumo, vidros fechados, AC desligado",0
540,66-ZZ-66,41.5608 -8.3968,2020-11-25 12:08:24,3.5,7.2,14.388203125,40428,58.404158440468294,974.2113622067446,330.21421622905626,"Não existência de fumo, vidros fechados, AC desligado",0
539,66-ZZ-66,41.5608 -8.3968,2020-11-25 12:08:13,3.6,7.1,14.58546875,39593,57.88438534205887,974.2184117164427,330.1536272269203,"Não existência de fumo, vidros fechados, AC desligado",0
538,66-ZZ-66,41.5608 -8.3968,2020-11-25 12:08:02,3.8,7.5,14.8126171875,39032,57.28464094091685,974.2214463461393,330.12754535420487,"Não existência de fumo, vidros fechados, AC desligado",0
537,66-ZZ-66,41.5608 -8.3968,2020-11-25 12:07:51,3.9,7.6,15.073359375,37990,56.86716266099135,974.2248761425788,330.09806720272667,"Não existência de fumo, vidros fechados, AC desligado",0
536,66-ZZ-66,41.5608 -8.3968,2020-11-25 12:07:41,3.8,9.1,15.3645703125,37252,56.356623054128036,974.2351267205503,330.0099668219403,"Não existência de fumo, vidros fechados, AC desligado",0
535,66-ZZ-66,41.5608 -8.3968,2020-11-25 12:07:30,3.6,8.5,15.68546875,36094,56.76333186741818,974.225633745948,330.09155582269943,"Não existência de fumo, vidros fechados, AC desligado",0
534,66-ZZ-66,41.5608 -8.3968,2020-11-25 12:07:19,3.3,8.4,16.0329296875,34566,56.20156323480592,974.2246156537177,330.1003060294691,"Não existência de fumo, vidros fechados, AC desligado",0
533,66-ZZ-66,41.5608 -8.3968,2020-11-25 12:07:08,3.2,6.4,16.395625,33798,54.61281773010557,974.2332903037562,330.02575017128584,"Não existência de fumo, vidros fechados, AC desligado",0
532,66-ZZ-66,41.5608 -8.3968,2020-11-25 12:06:57,8.0,11.2,16.8087109375,32384,55.44945699593745,974.2344022553349,330.01619333997843,"Não existência de fumo, vidros fechados, AC desligado",0
524,66-ZZ-66,41.5608 -8.3968,2020-11-25 12:05:29,10.4,15.3,18.018671875,13516,57.726773551257295,974.2537752794524,329.84969045365267,"Não existência de fumo, vidros fechados, AC desligado",0
523,66-ZZ-66,41.5608 -8.3968,2020-11-25 12:05:18,10.5,14.2,18.0141796875,48189,57.871000999302,974.2614726548828,329.78353553630717,"Não existência de fumo, vidros fechados, AC desligado",0
311,VP-35-44,41.5608 -8.3968,2020-11-21 13:21:33,6.8,10.4,25.9876171875,33032,34.36224381930729,1016.5774128595089,-27.66622899849939,"Não existência de fumo, vidros fechados, AC desligado",0
310,VP-35-44,41.5608 -8.3968,2020-11-21 13:21:22,6.8,10.4,25.9844921875,33106,34.13433171198646,1016.5722676573934,-27.62350515156909,"Não existência de fumo, vidros fechados, AC desligado",0
309,VP-35-44,41.5608 -8.3968,2020-11-21 13:21:11,6.8,10.4,25.9813671875,33057,34.020357507870834,1016.5723442600515,-27.624141232865806,"Não existência de fumo, vidros fechados, AC desligado",0
308,VP-35-44,41.5608 -8.3968,2020-11-21 13:21:01,6.8,10.4,25.98078125,33032,34.139664539581396,1016.5748607278236,-27.64503706698019,"Não existência de fumo, vidros fechados, AC desligado",0
307,VP-35-44,41.5608 -8.3968,2020-11-21 13:20:50,6.8,11.6,25.97921875,32812,34.236211764426066,1016.577509893184,-27.667034728405003,"Não existência de fumo, vidros fechados, AC desligado",0
306,VP-35-44,41.5608 -8.3968,2020-11-21 13:20:39,6.8,11.6,25.9753125,32262,34.38954126509469,1016.5780406599913,-27.671442008491066,"Não existência de fumo, vidros fechados, AC desligado",0
305,VP-35-44,41.5608 -8.3968,2020-11-21 13:20:27,6.8,11.6,25.9696484375,32691,34.679748969936234,1016.5826393890384,-27.70962797880588,"Não existência de fumo, vidros fechados, AC desligado",0
304,VP-35-44,41.5608 -8.3968,2020-11-21 13:20:15,6.8,11.6,25.9680859375,33206,34.29774894716648,1016.590510106814,-27.774982884423427,"Não existência de fumo, vidros fechados, AC desligado",0
303,VP-35-44,41.5608 -8.3968,2020-11-21 13:20:04,6.8,11.6,25.9675,33255,34.02472279189108,1016.5912859094657,-27.78142477904022,"Não existência de fumo, vidros fechados, AC desligado",0
302,VP-35-44,41.5608 -8.3968,2020-11-21 13:19:54,6.8,11.6,25.9684765625,33206,34.155552206217195,1016.5876721488023,-27.751417802874602,"Não existência de fumo, vidros fechados, AC desligado",0
301,VP-35-44,41.5608 -8.3968,2020-11-21 13:19:43,7.2,10.9,25.9669140625,32909,34.491290166506516,1016.592061709184,-27.787866645328172,"Não existência de fumo, vidros fechados, AC desligado",0
300,VP-35-44,41.5608 -8.3968,2020-11-21 13:19:32,7.2,10.9,25.9618359375,32499,34.61623860735784,1016.5958842694786,-27.819607282242018,"Não existência de fumo, vidros fechados, AC desligado",0
299,VP-35-44,41.5608 -8.3968,2020-11-21 13:19:22,7.2,10.9,25.9551953125,32958,34.5471677736246,1016.5919123091327,-27.78662609974461,"Não existência de fumo, vidros fechados, AC desligado",0
298,VP-35-44,41.5608 -8.3968,2020-11-21 13:19:10,7.2,10.9,25.955390625,32812,34.08608349494411,1016.5870123089893,-27.745938792751183,"Não existência de fumo, vidros fechados, AC desligado",0
297,VP-35-44,41.5608 -8.3968,2020-11-21 13:18:58,7.2,10.9,25.9610546875,32934,34.109359672899465,1016.5998195450347,-27.852283749590164,"Não existência de fumo, vidros fechados, AC desligado",0
296,VP-35-44,41.5608 -8.3968,2020-11-21 13:18:47,6.8,11.5,25.9633984375,32909,34.20056837182502,1016.6054192111976,-27.89878026836996,"Não existência de fumo, vidros fechados, AC desligado",0
295,VP-35-44,41.5608 -8.3968,2020-11-21 13:18:36,6.8,11.5,25.9614453125,32787,34.342656930486996,1016.6091654704668,-27.92988700955982,"Não existência de fumo, vidros fechados, AC desligado",0
294,VP-35-44,41.5608 -8.3968,2020-11-21 13:18:26,6.8,11.5,25.9579296875,32618,34.23987010600421,1016.6033767580425,-27.881820895399,"Não existência de fumo, vidros fechados, AC desligado",0
293,VP-35-44,41.5608 -8.3968,2020-11-21 13:18:15,6.8,11.5,25.9598828125,32075,34.06377632579847,1016.6031116206904,-27.879619343136138,"Não existência de fumo, vidros fechados, AC desligado",0
292,VP-35-44,41.5608 -8.3968,2020-11-21 13:18:03,6.8,11.5,25.9626171875,32739,34.149307727409806,1016.6041328376523,-27.88809895500988,"Não existência de fumo, vidros fechados, AC desligado",0
291,VP-35-44,41.5608 -8.3968,2020-11-21 13:17:52,6.7,11.1,25.9645703125,33206,34.21205720895107,1016.6003865467512,-27.85699182646894,"Não existência de fumo, vidros fechados, AC desligado",0
290,VP-35-44,41.5608 -8.3968,2020-11-21 13:17:40,6.7,11.1,25.9633984375,32983,34.508051499899736,1016.6071597645765,-27.913232814990405,"Não existência de fumo, vidros fechados, AC desligado",0
289,VP-35-44,41.5608 -8.3968,2020-11-21 13:17:29,6.7,11.1,25.9594921875,32885,34.558984014296044,1016.6094306040441,-27.93208851987081,"Não existência de fumo, vidros fechados, AC desligado",0
288,VP-35-44,41.5608 -8.3968,2020-11-21 13:17:18,6.7,11.1,25.95578125,32885,34.42754335197505,1016.6189850796936,-28.01142284858869,"Não existência de fumo, vidros fechados, AC desligado",0
287,VP-35-44,41.5608 -8.3968,2020-11-21 13:17:07,6.7,11.1,25.9563671875,32836,34.103229113785936,1016.6216904170328,-28.03388615078334,"Não existência de fumo, vidros fechados, AC desligado",0
286,VP-35-44,41.5608 -8.3968,2020-11-21 13:16:57,6.7,11.1,25.9583203125,32309,34.18870817877942,1016.6214253491593,-28.03168520753141,"Não existência de fumo, vidros fechados, AC desligado",0
285,VP-35-44,41.5608 -8.3968,2020-11-21 13:16:45,6.8,11.7,25.9583203125,32666,34.42208996785604,1016.6179442680597,-28.00278063572617,"Não existência de fumo, vidros fechados, AC desligado",0
284,VP-35-44,41.5608 -8.3968,2020-11-21 13:16:34,6.8,11.7,25.9559765625,32332,34.67843058782113,1016.6158256120799,-27.985188692669226,"Não existência de fumo, vidros fechados, AC desligado",0
283,VP-35-44,41.5608 -8.3968,2020-11-21 13:16:23,6.8,11.7,25.95109375,32715,34.313201756700714,1016.6147477135753,-27.976238512254966,"Não existência de fumo, vidros fechados, AC desligado",0
282,VP-35-44,41.5608 -8.3968,2020-11-21 13:16:11,6.8,11.7,25.9497265625,32836,34.06849447882485,1016.6246801282138,-28.05871064585631,"Não existência de fumo, vidros fechados, AC desligado",0
281,VP-35-44,41.5608 -8.3968,2020-11-21 13:16:01,6.8,11.7,25.94953125,32499,34.15374816707361,1016.6191369723198,-28.012684064104448,"Não existência de fumo, vidros fechados, AC desligado",0
280,VP-35-44,41.5608 -8.3968,2020-11-21 13:15:50,6.9,11.2,25.94875,32739,34.31867028173771,1016.6195910749893,-28.016454630259105,"Não existência de fumo, vidros fechados, AC desligado",0
279,VP-35-44,41.5608 -8.3968,2020-11-21 13:15:38,6.9,11.2,25.9430859375,32475,34.67148169696011,1016.6172265805376,-27.99682142805312,"Não existência de fumo, vidros fechados, AC desligado",0
278,VP-35-44,41.5608 -8.3968,2020-11-21 13:15:27,6.9,11.2,25.9352734375,31982,34.9219918634061,1016.6130647919148,-27.96226459080574,"Não existência de fumo, vidros fechados, AC desligado",0
277,VP-35-44,41.5608 -8.3968,2020-11-21 13:15:16,6.9,11.2,25.9282421875,32475,34.23703778129416,1016.6119297215616,-27.952839670956322,"Não existência de fumo, vidros fechados, AC desligado",0
276,VP-35-44,41.5608 -8.3968,2020-11-21 13:15:04,6.9,11.2,25.93078125,32262,34.08374434035527,1016.6108892426108,-27.94420017192355,"Não existência de fumo, vidros fechados, AC desligado",0
275,VP-35-44,41.5608 -8.3968,2020-11-21 13:14:52,7.2,11.6,25.9317578125,32546,34.16342884951342,1016.610756812886,-27.94310055620152,"Não existência de fumo, vidros fechados, AC desligado",0
274,VP-35-44,41.5608 -8.3968,2020-11-21 13:14:42,7.2,11.6,25.9298046875,32885,34.499126353318616,1016.612762131076,-27.959751483849693,"Não existência de fumo, vidros fechados, AC desligado",0
273,VP-35-44,41.5608 -8.3968,2020-11-21 13:14:30,7.2,11.6,25.9235546875,32499,34.732374222364484,1016.6216155792087,-28.03326474847023,"Não existência de fumo, vidros fechados, AC desligado",0
272,VP-35-44,41.5608 -8.3968,2020-11-21 13:14:19,7.2,11.6,25.916328125,32763,34.389588585657684,1016.6271201596413,-28.078970936400193,"Não existência de fumo, vidros fechados, AC desligado",0
271,VP-35-44,41.5608 -8.3968,2020-11-21 13:14:08,7.2,11.6,25.9149609375,32594,34.09360812526691,1016.6353113796193,-28.146984730074855,"Não existência de fumo, vidros fechados, AC desligado",0
270,VP-35-44,41.5608 -8.3968,2020-11-21 13:13:57,7.2,11.6,25.9165234375,32427,34.139234298919895,1016.62570134938,-28.067190146983787,"Não existência de fumo, vidros fechados, AC desligado",0
269,VP-35-44,41.5608 -8.3968,2020-11-21 13:13:46,7.3,11.7,25.9153515625,32860,34.35532891706761,1016.6324737706681,-28.123423387706122,"Não existência de fumo, vidros fechados, AC desligado",0
268,VP-35-44,41.5608 -8.3968,2020-11-21 13:13:35,7.3,11.7,25.9118359375,32522,34.4062444024617,1016.6353866886716,-28.147610038322338,"Não existência de fumo, vidros fechados, AC desligado",0
267,VP-35-44,41.5608 -8.3968,2020-11-21 13:13:24,7.3,11.7,25.90578125,32238,34.30317989656031,1016.6358587974364,-28.151530064340342,"Não existência de fumo, vidros fechados, AC desligado",0
266,VP-35-44,41.5608 -8.3968,2020-11-21 13:13:12,7.3,11.7,25.90421875,32691,34.069854100499256,1016.6385069852817,-28.173518540567926,"Não existência de fumo, vidros fechados, AC desligado",0
265,VP-35-44,41.5608 -8.3968,2020-11-21 13:13:01,7.3,11.7,25.90265625,32475,34.02993130559302,1016.6394147573433,-28.181055957586654,"Não existência de fumo, vidros fechados, AC desligado",0
264,VP-35-44,41.5608 -8.3968,2020-11-21 13:12:49,7.2,11.7,25.9032421875,32739,34.14365607951141,1016.6403796399456,-28.18906756911893,"Não existência de fumo, vidros fechados, AC desligado",0
263,VP-35-44,41.5608 -8.3968,2020-11-21 13:12:38,7.2,11.7,25.90109375,32983,34.4166070728451,1016.6490244554933,-28.260846911781254,"Não existência de fumo, vidros fechados, AC desligado",0
262,VP-35-44,41.5608 -8.3968,2020-11-21 13:12:27,7.2,11.7,25.8973828125,33057,34.330838094555176,1016.6481346041874,-28.253458351058264,"Não existência de fumo, vidros fechados, AC desligado",0
261,VP-35-44,41.5608 -8.3968,2020-11-21 13:12:16,7.2,11.7,25.8934765625,32934,34.137041480301725,1016.6399615965114,-28.185596472366914,"Não existência de fumo, vidros fechados, AC desligado",0
260,VP-35-44,41.5608 -8.3968,2020-11-21 13:12:05,7.2,11.7,25.8907421875,33230,33.994717779420284,1016.6371991220673,-28.162659075331348,"Não existência de fumo, vidros fechados, AC desligado",0
259,VP-35-44,41.5608 -8.3968,2020-11-21 13:11:54,7.2,11.7,25.8923046875,33081,34.182418871553914,1016.6362914455098,-28.15512243800529,"Não existência de fumo, vidros fechados, AC desligado",0
258,VP-35-44,41.5608 -8.3968,2020-11-21 13:11:44,7.3,13.0,25.889375,32934,34.50664408766973,1016.6453898420799,-28.230668171744245,"Não existência de fumo, vidros fechados, AC desligado",0
257,VP-35-44,41.5608 -8.3968,2020-11-21 13:11:33,7.3,13.0,25.8841015625,32909,34.65438754975845,1016.6384460623816,-28.173012685074788,"Não existência de fumo, vidros fechados, AC desligado",0
256,VP-35-44,41.5608 -8.3968,2020-11-21 13:11:22,7.3,13.0,25.87921875,32934,34.48857315042887,1016.6373665270352,-28.16404907486249,"Não existência de fumo, vidros fechados, AC desligado",0
255,VP-35-44,41.5608 -8.3968,2020-11-21 13:11:11,7.3,13.0,25.878046875,32983,34.09010005937963,1016.6423980161867,-28.20582652729102,"Não existência de fumo, vidros fechados, AC desligado",0
254,VP-35-44,41.5608 -8.3968,2020-11-21 13:11:00,7.3,13.0,25.87921875,33106,33.97658720856294,1016.6478085033408,-28.25075068850022,"Não existência de fumo, vidros fechados, AC desligado",0
253,VP-35-44,41.5608 -8.3968,2020-11-21 13:10:50,7.6,12.4,25.883125,33032,34.096266091538816,1016.6542412915732,-28.30416293112781,"Não existência de fumo, vidros fechados, AC desligado",0
252,VP-35-44,41.5608 -8.3968,2020-11-21 13:10:39,7.6,12.4,25.8815625,32885,34.40904096075986,1016.6568891842497,-28.32614863462371,"Não existência de fumo, vidros fechados, AC desligado",0
251,VP-35-44,41.5608 -8.3968,2020-11-21 13:10:28,7.6,12.4,25.8805859375,32836,34.35200406512795,1016.6639826495748,-28.38504612006339,"Não existência de fumo, vidros fechados, AC desligado",0
250,VP-35-44,41.5608 -8.3968,2020-11-21 13:10:18,7.6,12.4,25.879609375,32666,34.32913940072745,1016.6571534369917,-28.328342747604037,"Não existência de fumo, vidros fechados, AC desligado",0
249,VP-35-44,41.5608 -8.3968,2020-11-21 13:10:07,7.6,12.4,25.88,32812,33.970982273146966,1016.6577967209047,-28.333683986688733,"Não existência de fumo, vidros fechados, AC desligado",0
248,VP-35-44,41.5608 -8.3968,2020-11-21 13:09:56,7.6,12.4,25.8841015625,32642,33.97137087531445,1016.6610705206323,-28.360866571903976,"Não existência de fumo, vidros fechados, AC desligado",0
247,VP-35-44,41.5608 -8.3968,2020-11-21 13:09:45,7.5,12.0,25.8837109375,32546,34.11337364159018,1016.6604272378336,-28.35552535600009,"Não existência de fumo, vidros fechados, AC desligado",0
246,VP-35-44,41.5608 -8.3968,2020-11-21 13:09:35,7.5,12.0,25.8815625,32403,34.232586020788965,1016.6621101943899,-28.369499040089497,"Não existência de fumo, vidros fechados, AC desligado",0
245,VP-35-44,41.5608 -8.3968,2020-11-21 13:09:24,7.5,12.0,25.8790234375,32028,34.334775896493376,1016.652707852147,-28.29143061724902,"Não existência de fumo, vidros fechados, AC desligado",0
244,VP-35-44,41.5608 -8.3968,2020-11-21 13:09:12,7.5,12.0,25.8774609375,32570,34.00481852238702,1016.6536153772803,-28.298965898747877,"Não existência de fumo, vidros fechados, AC desligado",0
243,VP-35-44,41.5608 -8.3968,2020-11-21 13:09:02,7.5,12.0,25.87765625,32215,34.03324030237926,1016.6521966931211,-28.287186404957428,"Não existência de fumo, vidros fechados, AC desligado",0
242,VP-35-44,41.5608 -8.3968,2020-11-21 13:08:51,7.5,12.9,25.87765625,31936,34.266349725072125,1016.6574176709128,-28.330536703850484,"Não existência de fumo, vidros fechados, AC desligado",0
241,VP-35-44,41.5608 -8.3968,2020-11-21 13:08:40,7.5,12.9,25.8723828125,32285,34.72172898092297,1016.6556945718469,-28.31622966052541,"Não existência de fumo, vidros fechados, AC desligado",0
240,VP-35-44,41.5608 -8.3968,2020-11-21 13:08:28,7.5,12.9,25.86515625,32309,34.344835843399565,1016.6594563808627,-28.347464266785696,"Não existência de fumo, vidros fechados, AC desligado",0
239,VP-35-44,41.5608 -8.3968,2020-11-21 13:08:17,7.5,12.9,25.860078125,32075,34.42407043105729,1016.6545740927672,-28.30692621348902,"Não existência de fumo, vidros fechados, AC desligado",0
238,VP-35-44,41.5608 -8.3968,2020-11-21 13:08:06,7.5,12.9,25.8559765625,32642,34.0482271409584,1016.6547805464712,-28.30864041934442,"Não existência de fumo, vidros fechados, AC desligado",0
237,VP-35-44,41.5608 -8.3968,2020-11-21 13:07:55,7.5,12.9,25.8540234375,32739,34.23564915268932,1016.6567848319086,-28.32528218813585,"Não existência de fumo, vidros fechados, AC desligado",0
236,VP-35-44,41.5608 -8.3968,2020-11-21 13:07:44,7.5,12.7,25.8489453125,32909,34.451485214717806,1016.6588633890753,-28.34254061395348,"Não existência de fumo, vidros fechados, AC desligado",0
235,VP-35-44,41.5608 -8.3968,2020-11-21 13:07:33,7.5,12.7,25.8423046875,32570,34.638954828081324,1016.6566283118883,-28.323982588768448,"Não existência de fumo, vidros fechados, AC desligado",0
234,VP-35-44,41.5608 -8.3968,2020-11-21 13:07:23,7.5,12.7,25.835078125,32522,34.43306784199676,1016.6621291661388,-28.369656563493514,"Não existência de fumo, vidros fechados, AC desligado",0
233,VP-35-44,41.5608 -8.3968,2020-11-21 13:07:12,7.5,12.7,25.8325390625,32715,34.034641046506174,1016.656207374956,-28.320487511961012,"Não existência de fumo, vidros fechados, AC desligado",0
232,VP-35-44,41.5608 -8.3968,2020-11-21 13:07:01,7.5,12.7,25.831953125,32618,34.097087346239036,1016.6569825989324,-28.326924264726546,"Não existência de fumo, vidros fechados, AC desligado",0
231,VP-35-44,41.5608 -8.3968,2020-11-21 13:06:50,7.5,12.0,25.8290234375,32594,34.27877934012697,1016.6625988705016,-28.37355654215424,"Não existência de fumo, vidros fechados, AC desligado",0
230,VP-35-44,41.5608 -8.3968,2020-11-21 13:06:39,7.5,12.0,25.824921875,32475,34.42639955304904,1016.664544873062,-28.389714282545864,"Não existência de fumo, vidros fechados, AC desligado",0
229,VP-35-44,41.5608 -8.3968,2020-11-21 13:06:29,7.5,12.0,25.8208203125,32546,34.19267230453201,1016.6682309491007,-28.420319856940733,"Não existência de fumo, vidros fechados, AC desligado",0
228,VP-35-44,41.5608 -8.3968,2020-11-21 13:06:18,7.5,12.0,25.8173046875,32570,34.07296567423804,1016.6746220803493,-28.47338535419921,"Não existência de fumo, vidros fechados, AC desligado",0
227,VP-35-44,41.5608 -8.3968,2020-11-21 13:06:07,7.5,12.0,25.8141796875,32546,34.03858041117571,1016.6781761236173,-28.50289442217355,"Não existência de fumo, vidros fechados, AC desligado",0
226,VP-35-44,41.5608 -8.3968,2020-11-21 13:05:56,7.5,12.0,25.811640625,32427,34.16905382915431,1016.6774746669304,-28.49707026416953,"Não existência de fumo, vidros fechados, AC desligado",0
225,VP-35-44,41.5608 -8.3968,2020-11-21 13:05:46,7.8,13.5,25.808125,32005,34.276785554280416,1016.6786450916127,-28.506788236979364,"Não existência de fumo, vidros fechados, AC desligado",0
224,VP-35-44,41.5608 -8.3968,2020-11-21 13:05:35,7.8,13.5,25.803046875,31684,34.338900540729604,1016.6824624061213,-28.53848312982975,"Não existência de fumo, vidros fechados, AC desligado",0
223,VP-35-44,41.5608 -8.3968,2020-11-21 13:05:24,7.8,13.5,25.79875,32451,34.13940241029878,1016.68234592784,-28.537516020303933,"Não existência de fumo, vidros fechados, AC desligado",0
222,VP-35-44,41.5608 -8.3968,2020-11-21 13:05:12,7.8,13.5,25.7981640625,32285,34.10524387870555,1016.68138088502,-28.529503346263088,"Não existência de fumo, vidros fechados, AC desligado",0
221,VP-35-44,41.5608 -8.3968,2020-11-21 13:05:01,7.8,13.5,25.7973828125,32028,34.02562664201648,1016.6835743853646,-28.547715796853343,"Não existência de fumo, vidros fechados, AC desligado",0
220,VP-35-44,41.5608 -8.3968,2020-11-21 13:04:50,7.8,13.4,25.795625,31662,34.28697278839581,1016.6858995711098,-28.567021585611478,"Não existência de fumo, vidros fechados, AC desligado",0
219,VP-35-44,41.5608 -8.3968,2020-11-21 13:04:38,7.8,13.4,25.79171875,32309,34.62268151085721,1016.6864262971973,-28.57139493558596,"Não existência de fumo, vidros fechados, AC desligado",0
218,VP-35-44,41.5608 -8.3968,2020-11-21 13:04:26,7.8,13.4,25.7844921875,32309,34.41113961699429,1016.6867045110467,-28.573704914484313,"Não existência de fumo, vidros fechados, AC desligado",0
217,VP-35-44,41.5608 -8.3968,2020-11-21 13:04:15,7.8,13.4,25.78,32191,34.285482158015945,1016.688006023934,-28.58451122556009,"Não existência de fumo, vidros fechados, AC desligado",0
216,VP-35-44,41.5608 -8.3968,2020-11-21 13:04:04,7.8,13.4,25.7790234375,32427,34.052288364113714,1016.6881376372572,-28.585603995143213,"Não existência de fumo, vidros fechados, AC desligado",0
215,VP-35-44,41.5608 -8.3968,2020-11-21 13:03:53,7.8,13.4,25.7782421875,31821,34.13176882763895,1016.69381111974,-28.63271012870349,"Não existência de fumo, vidros fechados, AC desligado",0
214,VP-35-44,41.5608 -8.3968,2020-11-21 13:03:42,8.1,13.2,25.77375,32215,34.23368720454697,1016.7072927911701,-28.744645711963067,"Não existência de fumo, vidros fechados, AC desligado",0
213,VP-35-44,41.5608 -8.3968,2020-11-21 13:03:31,8.1,13.2,25.7696484375,32594,34.35278620798773,1016.7074972848525,-28.746343572276345,"Não existência de fumo, vidros fechados, AC desligado",0
212,VP-35-44,41.5608 -8.3968,2020-11-21 13:03:19,8.1,13.2,25.7661328125,32691,33.88073822554773,1016.7086668052001,-28.756053804265903,"Não existência de fumo, vidros fechados, AC desligado",0
211,VP-35-44,41.5608 -8.3968,2020-11-21 13:03:08,8.1,13.2,25.7676953125,32666,33.95467088621716,1016.712980454205,-28.791868863995862,"Não existência de fumo, vidros fechados, AC desligado",0
210,VP-35-44,41.5608 -8.3968,2020-11-21 13:02:57,8.1,13.2,25.7680859375,32475,34.07965777530601,1016.7223240360908,-28.86944567264725,"Não existência de fumo, vidros fechados, AC desligado",0
209,VP-35-44,41.5608 -8.3968,2020-11-21 13:02:46,7.5,12.9,25.7661328125,32475,34.204525809055184,1016.7173669542276,-28.828288659823826,"Não existência de fumo, vidros fechados, AC desligado",0
208,VP-35-44,41.5608 -8.3968,2020-11-21 13:02:36,7.5,12.9,25.760859375,32285,34.551302767263685,1016.7208610521194,-28.857299017018843,"Não existência de fumo, vidros fechados, AC desligado",0
207,VP-35-44,41.5608 -8.3968,2020-11-21 13:02:25,7.5,12.9,25.7559765625,32332,34.436885273773,1016.7249983894992,-28.89164987788077,"Não existência de fumo, vidros fechados, AC desligado",0
206,VP-35-44,41.5608 -8.3968,2020-11-21 13:02:14,7.5,12.9,25.7512890625,32427,34.11784077278376,1016.7294572714056,-28.92867028342322,"Não existência de fumo, vidros fechados, AC desligado",0
205,VP-35-44,41.5608 -8.3968,2020-11-21 13:02:03,7.5,12.9,25.7493359375,32499,33.930227806600826,1016.7401600198571,-29.01753060859211,"Não existência de fumo, vidros fechados, AC desligado",0
204,VP-35-44,41.5608 -8.3968,2020-11-21 13:01:52,7.5,12.0,25.7481640625,32475,34.072085612993924,1016.746929628311,-29.073735370023517,"Não existência de fumo, vidros fechados, AC desligado",0
203,VP-35-44,41.5608 -8.3968,2020-11-21 13:01:41,7.5,12.0,25.7434765625,32215,34.30475773426166,1016.7635679371813,-29.211873856303892,"Não existência de fumo, vidros fechados, AC desligado",0
202,VP-35-44,41.5608 -8.3968,2020-11-21 13:01:30,7.5,12.0,25.73859375,32570,34.13368500820372,1016.774664301778,-29.3039996903224,"Não existência de fumo, vidros fechados, AC desligado",0
201,VP-35-44,41.5608 -8.3968,2020-11-21 13:01:19,7.5,12.0,25.7329296875,32666,34.14451448299443,1016.7757737189137,-29.313210408058694,"Não existência de fumo, vidros fechados, AC desligado",0
200,VP-35-44,41.5608 -8.3968,2020-11-21 13:01:08,7.5,12.0,25.728828125,32594,33.985057709022286,1016.7811968110614,-29.35823444769156,"Não existência de fumo, vidros fechados, AC desligado",0
199,VP-35-44,41.5608 -8.3968,2020-11-21 13:00:57,7.5,12.0,25.72453125,32594,34.08688794838835,1016.7758584844321,-29.313914156779067,"Não existência de fumo, vidros fechados, AC desligado",0
198,VP-35-44,41.5608 -8.3968,2020-11-21 13:00:47,8.5,13.9,25.7184765625,32475,34.205676262845174,1016.7832836480037,-29.375559904400216,"Não existência de fumo, vidros fechados, AC desligado",0
197,VP-35-44,41.5608 -8.3968,2020-11-21 13:00:36,8.5,13.9,25.7098828125,32403,34.170745802778576,1016.7865257854272,-29.402476905567198,"Não existência de fumo, vidros fechados, AC desligado",0
196,VP-35-44,41.5608 -8.3968,2020-11-21 13:00:25,8.5,13.9,25.7012890625,32403,34.232473345287104,1016.7949870848747,-29.47272431213944,"Não existência de fumo, vidros fechados, AC desligado",0
195,VP-35-44,41.5608 -8.3968,2020-11-21 13:00:14,8.5,13.9,25.696015625,32075,34.27747401428962,1016.8002185127988,-29.516156440157946,"Não existência de fumo, vidros fechados, AC desligado",0
194,VP-35-44,41.5608 -8.3968,2020-11-21 13:00:04,8.5,13.9,25.689765625,32546,33.99839387898202,1016.8038409256957,-29.54623016923173,"Não existência de fumo, vidros fechados, AC desligado",0
193,VP-35-44,41.5608 -8.3968,2020-11-21 12:59:52,8.1,14.1,25.683125,32499,34.156833592335246,1016.8016001267706,-29.52762678396793,"Não existência de fumo, vidros fechados, AC desligado",0
192,VP-35-44,41.5608 -8.3968,2020-11-21 12:59:41,8.1,14.1,25.674140625,32380,34.37212346843421,1016.8076765166023,-29.578073634489044,"Não existência de fumo, vidros fechados, AC desligado",0
191,VP-35-44,41.5608 -8.3968,2020-11-21 12:59:30,8.1,14.1,25.6641796875,32215,34.13798310292736,1016.8156230311688,-29.644046095997528,"Não existência de fumo, vidros fechados, AC desligado",0
190,VP-35-44,41.5608 -8.3968,2020-11-21 12:59:19,8.1,14.1,25.65421875,32238,34.10294303957233,1016.8061715023563,-29.565578864956713,"Não existência de fumo, vidros fechados, AC desligado",0
189,VP-35-44,41.5608 -8.3968,2020-11-21 12:59:08,8.1,14.1,25.6473828125,32098,34.056848372772194,1016.8105668250464,-29.60206920448103,"Não existência de fumo, vidros fechados, AC desligado",0
188,VP-35-44,41.5608 -8.3968,2020-11-21 12:58:58,8.1,14.1,25.6378125,31684,34.19800301423557,1016.8208950270392,-29.687814305467896,"Não existência de fumo, vidros fechados, AC desligado",0
187,VP-35-44,41.5608 -8.3968,2020-11-21 12:58:46,8.1,13.5,25.62765625,31982,34.242524355360366,1016.8215588112528,-29.69332504154613,"Não existência de fumo, vidros fechados, AC desligado",0
186,VP-35-44,41.5608 -8.3968,2020-11-21 12:58:35,8.1,13.5,25.6161328125,31844,34.24142759334912,1016.8251884479901,-29.723458231687378,"Não existência de fumo, vidros fechados, AC desligado",0
185,VP-35-44,41.5608 -8.3968,2020-11-21 12:58:24,8.1,13.5,25.6044140625,31982,34.31994353105338,1016.8250163504064,-29.72202948207711,"Não existência de fumo, vidros fechados, AC desligado",0
184,VP-35-44,41.5608 -8.3968,2020-11-21 12:58:12,8.1,13.5,25.592890625,31482,34.17667974105408,1016.8303841578266,-29.76659278582532,"Não existência de fumo, vidros fechados, AC desligado",0
183,VP-35-44,41.5608 -8.3968,2020-11-21 12:58:01,8.1,13.5,25.5825390625,32285,34.24960370698734,1016.8237657027846,-29.711646632564072,"Não existência de fumo, vidros fechados, AC desligado",0
182,VP-35-44,41.5608 -8.3968,2020-11-21 12:57:49,8.3,14.6,25.5692578125,32028,34.42472179552311,1016.8279753900864,-29.74659532436505,"Não existência de fumo, vidros fechados, AC desligado",0
181,VP-35-44,41.5608 -8.3968,2020-11-21 12:57:37,8.3,14.6,25.5532421875,32332,34.531394731960674,1016.8346364725099,-29.801895182154365,"Não existência de fumo, vidros fechados, AC desligado",0
180,VP-35-44,41.5608 -8.3968,2020-11-21 12:57:26,8.3,14.6,25.5360546875,32475,34.427242304244054,1016.8358862424287,-29.812270655194567,"Não existência de fumo, vidros fechados, AC desligado",0
179,VP-35-44,41.5608 -8.3968,2020-11-21 12:57:15,8.3,14.6,25.520625,32715,34.27783199060223,1016.8365523923017,-29.817800964953808,"Não existência de fumo, vidros fechados, AC desligado",0
178,VP-35-44,41.5608 -8.3968,2020-11-21 12:57:04,8.3,14.6,25.5051953125,32642,34.29911261346177,1016.8493927920457,-29.92440010876995,"Não existência de fumo, vidros fechados, AC desligado",0
177,VP-35-44,41.5608 -8.3968,2020-11-21 12:56:54,8.3,14.6,25.487421875,32691,34.50800469354197,1016.8479335009556,-29.912285339836426,"Não existência de fumo, vidros fechados, AC desligado",0
176,VP-35-44,41.5608 -8.3968,2020-11-21 12:56:43,8.3,13.6,25.467890625,32191,34.69989683178075,1016.848793843516,-29.919427748833453,"Não existência de fumo, vidros fechados, AC desligado",0
175,VP-35-44,41.5608 -8.3968,2020-11-21 12:56:32,8.3,13.6,25.44640625,32403,34.572435321917574,1016.8516512684116,-29.943149540597076,"Não existência de fumo, vidros fechados, AC desligado",0
174,VP-35-44,41.5608 -8.3968,2020-11-21 12:56:21,8.3,13.6,25.42609375,32570,34.54770233716227,1016.8686115701254,-30.08394959162578,"Não existência de fumo, vidros fechados, AC desligado",0
173,VP-35-44,41.5608 -8.3968,2020-11-21 12:56:10,8.3,13.6,25.4075390625,32666,34.44343078356034,1016.8762924818448,-30.14771391436757,"Não existência de fumo, vidros fechados, AC desligado",0
172,VP-35-44,41.5608 -8.3968,2020-11-21 12:56:00,8.3,13.6,25.3876171875,32546,34.401690136457226,1016.8765010206304,-30.149445127171575,"Não existência de fumo, vidros fechados, AC desligado",0
171,VP-35-44,41.5608 -8.3968,2020-11-21 12:55:49,8.1,13.7,25.364765625,32451,34.55322472888709,1016.8823129111856,-30.197693203220936,"Não existência de fumo, vidros fechados, AC desligado",0
170,VP-35-44,41.5608 -8.3968,2020-11-21 12:55:38,8.1,13.7,25.3376171875,32618,34.52215148345924,1016.8775619989027,-30.158252976647738,"Não existência de fumo, vidros fechados, AC desligado",0
169,VP-35-44,41.5608 -8.3968,2020-11-21 12:55:27,8.1,13.7,25.31046875,32691,34.525250598749125,1016.8780246055583,-30.16209336378857,"Não existência de fumo, vidros fechados, AC desligado",0
168,VP-35-44,41.5608 -8.3968,2020-11-21 12:55:17,8.1,13.7,25.2848828125,32739,34.45449130460793,1016.8793206259413,-30.17285243194161,"Não existência de fumo, vidros fechados, AC desligado",0
167,VP-35-44,41.5608 -8.3968,2020-11-21 12:55:06,8.1,13.7,25.25890625,32739,34.594359989000075,1016.8904017533807,-30.264843282841202,"Não existência de fumo, vidros fechados, AC desligado",0
166,VP-35-44,41.5608 -8.3968,2020-11-21 12:54:55,8.1,13.7,25.23078125,32475,34.819688418484205,1016.9066303275357,-30.39956460267947,"Não existência de fumo, vidros fechados, AC desligado",0
165,VP-35-44,41.5608 -8.3968,2020-11-21 12:54:45,8.8,14.9,25.1993359375,32570,35.050724599223855,1016.9173801804833,-30.48880342356383,"Não existência de fumo, vidros fechados, AC desligado",0
164,VP-35-44,41.5608 -8.3968,2020-11-21 12:54:34,8.8,14.9,25.1653515625,32522,35.098862358467606,1016.9187232408805,-30.49995265042833,"Não existência de fumo, vidros fechados, AC desligado",0
163,VP-35-44,41.5608 -8.3968,2020-11-21 12:54:23,8.8,14.9,25.1309765625,32522,34.96987415549187,1016.9211552606134,-30.52014168959632,"Não existência de fumo, vidros fechados, AC desligado",0
162,VP-35-44,41.5608 -8.3968,2020-11-21 12:54:12,8.8,14.9,25.0977734375,32594,34.69858150677557,1016.9185608618816,-30.49860468465077,"Não existência de fumo, vidros fechados, AC desligado",0
161,VP-35-44,41.5608 -8.3968,2020-11-21 12:54:02,8.8,14.9,25.0659375,32570,34.820951968990336,1016.9251686558445,-30.55345818968084,"Não existência de fumo, vidros fechados, AC desligado",0
160,VP-35-44,41.5608 -8.3968,2020-11-21 12:53:51,8.6,14.0,25.0313671875,32451,35.02307338401678,1016.9237863514743,-30.54198324322229,"Não existência de fumo, vidros fechados, AC desligado",0
159,VP-35-44,41.5608 -8.3968,2020-11-21 12:53:40,8.6,14.0,24.9923046875,32356,35.385191055554145,1016.9341089307164,-30.627673938520108,"Não existência de fumo, vidros fechados, AC desligado",0
158,VP-35-44,41.5608 -8.3968,2020-11-21 12:53:30,8.6,14.0,24.9489453125,32262,35.43249146312599,1016.9269103684952,-30.56791668015984,"Não existência de fumo, vidros fechados, AC desligado",0
157,VP-35-44,41.5608 -8.3968,2020-11-21 12:53:19,8.6,14.0,24.9065625,32332,35.3425189929306,1016.936954388132,-30.65129477401573,"Não existência de fumo, vidros fechados, AC desligado",0
156,VP-35-44,41.5608 -8.3968,2020-11-21 12:53:08,8.6,14.0,24.8630078125,32427,35.22963054465126,1016.934630551682,-30.63200404529261,"Não existência de fumo, vidros fechados, AC desligado",0
155,VP-35-44,41.5608 -8.3968,2020-11-21 12:52:57,8.6,14.0,24.8180859375,32238,35.42548094982968,1016.9439434970212,-30.70931284312432,"Não existência de fumo, vidros fechados, AC desligado",0
154,VP-35-44,41.5608 -8.3968,2020-11-21 12:52:46,8.7,14.0,24.7704296875,32356,35.70154003896264,1016.9487358174564,-30.749094720689286,"Não existência de fumo, vidros fechados, AC desligado",0
153,VP-35-44,41.5608 -8.3968,2020-11-21 12:52:36,8.7,14.0,24.719453125,32121,35.834208610015715,1016.9584635454793,-30.829845800140664,"Não existência de fumo, vidros fechados, AC desligado",0
152,VP-35-44,41.5608 -8.3968,2020-11-21 12:52:25,8.7,14.0,24.66671875,32051,35.8003516948688,1016.9635410946815,-30.871994918780842,"Não existência de fumo, vidros fechados, AC desligado",0
151,VP-35-44,41.5608 -8.3968,2020-11-21 12:52:14,8.7,14.0,24.612421875,32005,35.74341980478014,1016.9677644208605,-30.90705293790305,"Não existência de fumo, vidros fechados, AC desligado",0
150,VP-35-44,41.5608 -8.3968,2020-11-21 12:52:04,8.7,14.0,24.5567578125,31913,35.835470442967875,1016.9627708261464,-30.86560087257384,"Não existência de fumo, vidros fechados, AC desligado",0
149,VP-35-44,41.5608 -8.3968,2020-11-21 12:51:53,8.5,13.6,24.49953125,31549,36.168665379093156,1016.9656058566678,-30.88913461491849,"Não existência de fumo, vidros fechados, AC desligado",0
148,VP-35-44,41.5608 -8.3968,2020-11-21 12:51:42,8.5,13.6,24.438984375,31821,36.594394142959025,1016.9629466798178,-30.867060644997107,"Não existência de fumo, vidros fechados, AC desligado",0
147,VP-35-44,41.5608 -8.3968,2020-11-21 12:51:30,8.5,13.6,24.3762890625,31549,36.76114867985483,1016.9636712833195,-30.873075622228328,"Não existência de fumo, vidros fechados, AC desligado",0
146,VP-35-44,41.5608 -8.3968,2020-11-21 12:51:19,8.5,13.6,24.3141796875,31348,36.899237222421505,1016.9618727576517,-30.858145946146113,"Não existência de fumo, vidros fechados, AC desligado",0
145,VP-35-44,41.5608 -8.3968,2020-11-21 12:51:08,8.5,13.6,24.2503125,31414,36.9043903557596,1016.9693077584903,-30.919864223041447,"Não existência de fumo, vidros fechados, AC desligado",0
144,VP-35-44,41.5608 -8.3968,2020-11-21 12:50:57,8.5,13.6,24.185859375,31084,37.22735784869322,1016.972284136246,-30.944571166463252,"Não existência de fumo, vidros fechados, AC desligado",0
143,VP-35-44,41.5608 -8.3968,2020-11-21 12:50:47,8.8,13.8,24.121015625,30611,37.56828730254039,1016.9728607453027,-30.949357597617677,"Não existência de fumo, vidros fechados, AC desligado",0
142,VP-35-44,41.5608 -8.3968,2020-11-21 12:50:36,8.8,13.8,24.0544140625,30421,38.01432451559681,1016.9774581293402,-30.98752039886139,"Não existência de fumo, vidros fechados, AC desligado",0
141,VP-35-44,41.5608 -8.3968,2020-11-21 12:50:24,8.8,13.8,23.9883984375,30296,38.007567444831906,1016.9743256355513,-30.96151764007839,"Não existência de fumo, vidros fechados, AC desligado",0
140,VP-35-44,41.5608 -8.3968,2020-11-21 12:50:13,8.8,13.8,23.9247265625,30131,37.554185324798745,1016.9594281413473,-30.837852996262434,"Não existência de fumo, vidros fechados, AC desligado",0
139,VP-35-44,41.5608 -8.3968,2020-11-21 12:50:02,8.8,13.8,23.863203125,29528,37.907624767591905,1016.9550026219722,-30.80111631559873,"Não existência de fumo, vidros fechados, AC desligado",0
138,VP-35-44,41.5608 -8.3968,2020-11-21 12:49:51,8.1,13.9,23.806953125,28836,38.05294550347476,1016.9540648617293,-30.793331857054905,"Não existência de fumo, vidros fechados, AC desligado",0
137,VP-35-44,41.5608 -8.3968,2020-11-21 12:49:41,8.1,13.9,23.752265625,28015,38.28000542571797,1016.9348777962497,-30.634056483977194,"Não existência de fumo, vidros fechados, AC desligado",0
136,VP-35-44,41.5608 -8.3968,2020-11-21 12:49:30,8.1,13.9,23.7036328125,27023,37.659304401801435,1016.9100693195708,-30.428113131577497,"Não existência de fumo, vidros fechados, AC desligado",0
135,VP-35-44,41.5608 -8.3968,2020-11-21 12:49:19,8.1,13.9,23.660078125,25586,39.86726829516032,1016.879765575694,-30.176546232952212,"Não existência de fumo, vidros fechados, AC desligado",0
122,VP-35-44,41.5608 -8.3968,2020-11-21 12:41:57,9.9,15.4,27.0235546875,28032,26.788924999129076,1017.0995846762514,-32.001239503862074,"Não existência de fumo, vidros abertos, AC desligado",0
121,VP-35-44,41.5608 -8.3968,2020-11-21 12:41:46,9.7,17.1,27.3118359375,26859,27.718969440048514,1017.1395937188513,-32.33331565269325,"Não existência de fumo, vidros abertos, AC desligado",0
120,VP-35-44,41.5608 -8.3968,2020-11-21 12:41:36,9.7,17.1,27.5253125,25645,29.81340472843636,1017.1871265683876,-32.72782585848976,"Não existência de fumo, vidros abertos, AC desligado",0
119,VP-35-44,41.5608 -8.3968,2020-11-21 12:41:25,9.7,17.1,27.6583203125,25221,28.88657467564045,1017.2226075710893,-33.02229916137097,"Não existência de fumo, vidros abertos, AC desligado",0
118,VP-35-44,41.5608 -8.3968,2020-11-21 12:41:14,9.7,17.1,27.7716015625,24577,27.63070573483414,1017.2570113838924,-33.30782442384632,"Não existência de fumo, vidros abertos, AC desligado",0
117,VP-35-44,41.5608 -8.3968,2020-11-21 12:41:04,9.7,17.1,27.86984375,22959,27.436984009896012,1017.2963246298503,-33.63408464456485,"Não existência de fumo, vidros abertos, AC desligado",0
116,VP-35-44,41.5608 -8.3968,2020-11-21 12:40:53,12.3,19.9,27.9298046875,22288,25.995040954234923,1017.365213914262,-34.20577148420525,"Não existência de fumo, vidros abertos, AC desligado",0
115,VP-35-44,41.5608 -8.3968,2020-11-21 12:40:42,12.3,19.9,27.94953125,21300,25.60364116811872,1017.4552579489987,-34.952966559750685,"Não existência de fumo, vidros abertos, AC desligado",0
114,VP-35-44,41.5608 -8.3968,2020-11-21 12:40:31,12.3,19.9,27.9065625,19918,25.761700220004677,1017.5574564344612,-35.80095570503898,"Não existência de fumo, vidros abertos, AC desligado",0
113,VP-35-44,41.5608 -8.3968,2020-11-21 12:40:21,12.3,19.9,27.76515625,18318,25.60042060517397,1017.6880140185408,-36.884153384032224,"Não existência de fumo, vidros abertos, AC desligado",0
112,VP-35-44,41.5608 -8.3968,2020-11-21 12:40:10,12.3,19.9,27.512421875,16512,25.68873523165473,1017.8743073680693,-38.42957942687745,"Não existência de fumo, vidros abertos, AC desligado",0
111,VP-35-44,41.5608 -8.3968,2020-11-21 12:39:59,12.3,19.9,27.1157421875,14200,25.83061417936341,1018.149273295183,-40.710184480853755,"Não existência de fumo, vidros abertos, AC desligado",0
110,VP-35-44,41.5608 -8.3968,2020-11-21 12:37:28,11.7,22.2,26.5223828125,26098,31.031227206821264,1018.6077945768494,-44.51211383386956,"Não existência de fumo, vidros abertos, AC desligado",0
109,VP-35-44,41.5608 -8.3968,2020-11-21 12:37:18,11.7,22.2,26.4721875,26191,30.49841302667615,1018.5755596589466,-44.24487626208622,"Não existência de fumo, vidros abertos, AC desligado",0
108,VP-35-44,41.5608 -8.3968,2020-11-21 12:37:07,11.7,22.2,26.46984375,26114,30.553736759918948,1018.5281446758644,-43.85177874791819,"Não existência de fumo, vidros abertos, AC desligado",0
107,VP-35-44,41.5608 -8.3968,2020-11-21 12:36:56,11.7,22.2,26.4774609375,25630,31.13874821604384,1018.5407026529364,-43.95589305195729,"Não existência de fumo, vidros abertos, AC desligado",0
106,VP-35-44,41.5608 -8.3968,2020-11-21 12:36:45,13.9,29.2,26.479609375,25395,31.47391646140918,1018.5425025942543,-43.970815723591826,"Não existência de fumo, vidros abertos, AC desligado",0
105,VP-35-44,41.5608 -8.3968,2020-11-21 12:36:34,13.9,29.2,26.4727734375,25482,31.949174171109814,1018.5834938693744,-44.310653988412675,"Não existência de fumo, vidros abertos, AC desligado",0
104,VP-35-44,41.5608 -8.3968,2020-11-21 12:36:22,13.9,29.2,26.4540234375,25178,32.45300839233329,1018.6170342703005,-44.58871252558826,"Não existência de fumo, vidros abertos, AC desligado",0
103,VP-35-44,41.5608 -8.3968,2020-11-21 12:36:11,13.9,29.2,26.421015625,25690,31.541354352422246,1018.6253196434157,-44.65739925462453,"Não existência de fumo, vidros abertos, AC desligado",0
102,VP-35-44,41.5608 -8.3968,2020-11-21 12:36:01,13.9,29.2,26.4298046875,25794,30.500277791547646,1018.6641988853656,-44.97970675503193,"Não existência de fumo, vidros abertos, AC desligado",0
101,VP-35-44,41.5608 -8.3968,2020-11-21 12:35:50,14.1,27.1,26.4591015625,25794,30.608348532169465,1018.6968295904663,-45.2502064246091,"Não existência de fumo, vidros abertos, AC desligado",0
100,VP-35-44,41.5608 -8.3968,2020-11-21 12:35:39,14.1,27.1,26.4887890625,25395,30.983689311709927,1018.6743565137417,-45.063911483408106,"Não existência de fumo, vidros abertos, AC desligado",0
99,VP-35-44,41.5608 -8.3968,2020-11-21 12:35:28,14.1,27.1,26.5110546875,25839,31.080389434363607,1018.6396407088188,-44.77612152424333,"Não existência de fumo, vidros abertos, AC desligado",0
98,VP-35-44,41.5608 -8.3968,2020-11-21 12:35:17,14.1,27.1,26.53,25704,31.07648989939987,1018.6046729418017,-44.486234800465404,"Não existência de fumo, vidros abertos, AC desligado",0
97,VP-35-44,41.5608 -8.3968,2020-11-21 12:35:06,14.1,27.1,26.5489453125,25885,31.00571005132352,1018.5766705367247,-44.254085900934804,"Não existência de fumo, vidros abertos, AC desligado",0
96,VP-35-44,41.5608 -8.3968,2020-11-21 12:34:56,14.1,27.1,26.5723828125,25794,31.002206636912664,1018.5578124605286,-44.09774350232448,"Não existência de fumo, vidros abertos, AC desligado",0
95,VP-35-44,41.5608 -8.3968,2020-11-21 12:34:45,18.0,39.9,26.5930859375,25749,31.294091751409965,1018.53095847193,-43.87510715121717,"Não existência de fumo, vidros abertos, AC desligado",0
94,VP-35-44,41.5608 -8.3968,2020-11-21 12:34:34,18.0,39.9,26.604609375,25556,32.135098453120946,1018.5412417076467,-43.96036216458294,"Não existência de fumo, vidros abertos, AC desligado",0
93,VP-35-44,41.5608 -8.3968,2020-11-21 12:34:24,18.0,39.9,26.6079296875,25541,31.490977520076466,1018.656486551681,-44.91577258150114,"Não existência de fumo, vidros abertos, AC desligado",0
92,VP-35-44,41.5608 -8.3968,2020-11-21 12:34:13,18.0,39.9,26.6048046875,25660,31.10541051612164,1019.0433779875101,-48.122565549162616,"Não existência de fumo, vidros abertos, AC desligado",0
91,VP-35-44,41.5608 -8.3968,2020-11-21 12:34:02,18.0,39.9,26.595625,25630,31.260819656167012,1019.6224037724496,-52.92004435654985,"Não existência de fumo, vidros abertos, AC desligado",0
90,VP-35-44,41.5608 -8.3968,2020-11-21 12:33:52,15.6,42.4,26.57921875,25380,32.909793575067425,1020.450858295272,-59.780313454234324,"Não existência de fumo, vidros abertos, AC desligado",0
89,VP-35-44,41.5608 -8.3968,2020-11-21 12:33:41,15.6,42.4,26.5628125,25482,33.02121598530584,1017.8486159818594,-38.21646607056529,"Não existência de fumo, vidros abertos, AC desligado",0
88,VP-35-44,41.5608 -8.3968,2020-11-21 12:33:30,15.6,42.4,26.6001171875,25207,32.74246236023933,1017.0476233952336,-31.569943660230106,"Não existência de fumo, vidros abertos, AC desligado",0
87,VP-35-44,41.5608 -8.3968,2020-11-21 12:33:19,15.6,42.4,26.6524609375,25749,32.4655779487406,1016.7957515367807,-29.479070922013932,"Não existência de fumo, vidros abertos, AC desligado",0
86,VP-35-44,41.5608 -8.3968,2020-11-21 12:33:09,15.6,42.4,26.73859375,25779,33.11672735705859,1016.4460603442004,-26.575471683524963,"Não existência de fumo, vidros abertos, AC desligado",0
85,VP-35-44,41.5608 -8.3968,2020-11-21 12:32:57,15.6,42.4,26.8633984375,25764,33.592930705575235,1015.959387476548,-22.533122778355388,"Não existência de fumo, vidros abertos, AC desligado",0
84,VP-35-44,41.5608 -8.3968,2020-11-21 12:32:45,17.4,34.4,27.0040234375,26145,32.644452430165906,1015.4635877970227,-18.41335314338431,"Não existência de fumo, vidros abertos, AC desligado",0
83,VP-35-44,41.5608 -8.3968,2020-11-21 12:32:34,17.4,34.4,27.13859375,26098,32.12196521992512,1015.0813495940297,-15.236092788583068,"Não existência de fumo, vidros abertos, AC desligado",0
82,VP-35-44,41.5608 -8.3968,2020-11-21 12:32:23,17.4,34.4,27.2567578125,25855,32.0877893866855,1014.8463465958494,-13.282207677927403,"Não existência de fumo, vidros abertos, AC desligado",0
81,VP-35-44,41.5608 -8.3968,2020-11-21 12:32:13,17.4,34.4,27.3477734375,25409,31.255250647891078,1014.800375206622,-12.899944976893511,"Não existência de fumo, vidros abertos, AC desligado",0
80,VP-35-44,41.5608 -8.3968,2020-11-21 12:32:02,17.4,34.4,27.4071484375,25645,29.941666540005933,1014.9030392894716,-13.75360119052406,"Não existência de fumo, vidros abertos, AC desligado",0
79,VP-35-44,41.5608 -8.3968,2020-11-21 12:31:50,16.0,33.5,27.419453125,25322,29.948267794852285,1015.0209155704184,-14.733661254324472,"Não existência de fumo, vidros abertos, AC desligado",0
78,VP-35-44,41.5608 -8.3968,2020-11-21 12:31:39,16.0,33.5,27.35890625,25468,30.347970062437426,1015.2407417847858,-16.561118617753028,"Não existência de fumo, vidros abertos, AC desligado",0
77,VP-35-44,41.5608 -8.3968,2020-11-21 12:31:28,16.0,33.5,27.208125,25779,30.44592735818397,1015.5216018255252,-18.8954957362503,"Não existência de fumo, vidros abertos, AC desligado",0
76,VP-35-44,41.5608 -8.3968,2020-11-21 12:31:18,16.0,33.5,26.971796875,25749,32.016879303532264,1015.8168168765204,-21.34862153214801,"Não existência de fumo, vidros abertos, AC desligado",0
75,VP-35-44,41.5608 -8.3968,2020-11-21 12:31:07,16.0,33.5,26.778046875,25719,32.111567852626635,1016.0996691153772,-23.69847557938255,"Não existência de fumo, vidros abertos, AC desligado",0
74,VP-35-44,41.5608 -8.3968,2020-11-21 12:30:55,16.0,33.5,26.6493359375,25149,32.48780897493971,1016.3375868215744,-25.67461652657543,"Não existência de fumo, vidros abertos, AC desligado",0
73,VP-35-44,41.5608 -8.3968,2020-11-21 12:30:44,13.2,26.6,26.5403515625,24550,32.399028288398306,1016.4632012605592,-26.717817114409343,"Não existência de fumo, vidros abertos, AC desligado",0
72,VP-35-44,41.5608 -8.3968,2020-11-21 12:30:33,13.2,26.6,26.3649609375,22378,33.36466097833755,1016.5125341346255,-27.12748735317153,"Não existência de fumo, vidros abertos, AC desligado",0
71,VP-35-44,41.5608 -8.3968,2020-11-21 12:30:23,13.2,26.6,26.0676953125,21403,33.399087315615965,1016.6274415070177,-28.08163917418425,"Não existência de fumo, vidros abertos, AC desligado",0
70,VP-35-44,41.5608 -8.3968,2020-11-21 12:30:11,13.2,26.6,25.6219921875,20415,33.300961116021874,1016.8574577976905,-29.991354063323413,"Não existência de fumo, vidros abertos, AC desligado",0
69,VP-35-44,41.5608 -8.3968,2020-11-21 12:29:59,13.2,26.6,25.0005078125,18564,33.333651409316424,1017.1527191071409,-32.44225443080804,"Não existência de fumo, vidros abertos, AC desligado",0
68,VP-35-44,41.5608 -8.3968,2020-11-21 12:28:44,10.2,16.7,24.255390625,29255,37.75600444505324,1017.4741860875847,-35.110027476996805,"Não existência de fumo, vidros abertos, AC desligado",0
67,VP-35-44,41.5608 -8.3968,2020-11-21 12:28:33,10.2,16.7,24.0950390625,29294,38.7819597347144,1017.8602520941646,-38.31298965986125,"Não existência de fumo, vidros abertos, AC desligado",0
66,VP-35-44,41.5608 -8.3968,2020-11-21 12:28:22,10.2,16.7,23.9716015625,29294,37.535752306610775,1017.7378667517177,-37.29773708871799,"Não existência de fumo, vidros abertos, AC desligado",0
65,VP-35-44,41.5608 -8.3968,2020-11-21 12:28:10,10.2,16.7,23.9282421875,29469,38.33303835551509,1017.6991932915331,-36.976899277323,"Não existência de fumo, vidros abertos, AC desligado",0
64,VP-35-44,41.5608 -8.3968,2020-11-21 12:27:59,10.2,16.7,23.873359375,29647,38.24006120588507,1017.6293311185124,-36.39729263254848,"Não existência de fumo, vidros abertos, AC desligado",0
63,VP-35-44,41.5608 -8.3968,2020-11-21 12:27:48,15.7,20.0,23.7962109375,29787,38.48256364149563,1017.5608435324997,-35.829058877963035,"Não existência de fumo, vidros abertos, AC desligado",0
62,VP-35-44,41.5608 -8.3968,2020-11-21 12:27:37,15.7,20.0,23.6872265625,29391,38.76294701174283,1017.4726961996024,-35.097664848289554,"Não existência de fumo, vidros abertos, AC desligado",0
61,VP-35-44,41.5608 -8.3968,2020-11-21 12:27:26,15.7,20.0,23.53859375,29352,39.53736443595317,1017.3883709952044,-34.39793654467459,"Não existência de fumo, vidros abertos, AC desligado",0
60,VP-35-44,41.5608 -8.3968,2020-11-21 12:27:15,15.7,20.0,23.3579296875,28780,40.10572365687812,1017.3723989524443,-34.26539566895591,"Não existência de fumo, vidros abertos, AC desligado",0
59,VP-35-44,41.5608 -8.3968,2020-11-21 12:26:56,15.7,20.0,23.2051953125,28686,39.89549775533091,1017.3729987784012,-34.27037323789424,"Não existência de fumo, vidros abertos, AC desligado",0
58,VP-35-44,41.5608 -8.3968,2020-11-21 12:26:45,8.4,14.4,23.1001171875,30674,40.53183762956411,1017.3552500580424,-34.12308704423924,"Não existência de fumo, vidros abertos, AC desligado",0
57,VP-35-44,41.5608 -8.3968,2020-11-21 12:26:34,8.4,14.4,22.9723828125,30484,40.35317538235552,1017.317320242894,-33.808322837637306,"Não existência de fumo, vidros abertos, AC desligado",0
56,VP-35-44,41.5608 -8.3968,2020-11-21 12:26:24,8.4,14.4,22.8153515625,30152,41.21026816190509,1017.2308830381604,-33.090979905915816,"Não existência de fumo, vidros abertos, AC desligado",0
55,VP-35-44,41.5608 -8.3968,2020-11-21 12:26:12,8.4,14.4,22.652265625,29988,42.24350530895015,1017.1776559220848,-32.64922316463954,"Não existência de fumo, vidros abertos, AC desligado",0
54,VP-35-44,41.5608 -8.3968,2020-11-21 12:26:01,8.4,14.4,22.4747265625,29887,42.2716046384301,1017.1575584718627,-32.48242015378955,"Não existência de fumo, vidros abertos, AC desligado",0
53,VP-35-44,41.5608 -8.3968,2020-11-21 12:25:51,7.8,13.6,22.2784375,29528,44.22634013594646,1017.1893806387601,-32.746533681692725,"Não existência de fumo, vidros abertos, AC desligado",0
52,VP-35-44,41.5608 -8.3968,2020-11-21 12:25:39,7.8,13.6,22.063203125,29807,46.542333288814284,1017.2519380941028,-33.26572050071583,"Não existência de fumo, vidros abertos, AC desligado",0
51,VP-35-44,41.5608 -8.3968,2020-11-21 12:25:28,7.8,13.6,21.8856640625,29627,44.83308250800901,1017.272880281488,-33.43952146926346,"Não existência de fumo, vidros abertos, AC desligado",0
50,VP-35-44,41.5608 -8.3968,2020-11-21 12:25:17,7.8,13.6,21.8118359375,29667,42.81264937357167,1017.2682562141553,-33.401146196091815,"Não existência de fumo, vidros abertos, AC desligado",0
49,VP-35-44,41.5608 -8.3968,2020-11-21 12:25:07,7.8,13.6,21.7596875,29687,40.542432519613634,1017.2787554603066,-33.48827955037031,"Não existência de fumo, vidros abertos, AC desligado",0
